id,procedure_id,phase_id,patient_type_id,config,created_at,updated_at
6821,1121,10,1,"[""AO ProRinse Hydrating""]",2025-05-30 00:33:52.73862+00,2025-05-30 00:33:52.73862+00
6822,1121,10,2,"[""Moisyn""]",2025-05-30 00:33:52.73862+00,2025-05-30 00:33:52.73862+00
6823,1121,10,3,"[""Moisyn""]",2025-05-30 00:33:52.73862+00,2025-05-30 00:33:52.73862+00
6824,1121,10,4,"[""Moisyn"",""AO ProVantage Gel""]",2025-05-30 00:33:52.73862+00,2025-05-30 00:33:52.73862+00
6825,1121,8,1,"[""AO ProVantage Gel""]",2025-05-30 00:33:52.73862+00,2025-05-30 00:33:52.73862+00
6826,1121,8,2,"[""Synvaza""]",2025-05-30 00:33:52.73862+00,2025-05-30 00:33:52.73862+00
6827,1121,8,3,"[""Synvaza"",""AO ProVantage Gel""]",2025-05-30 00:33:52.73862+00,2025-05-30 00:33:52.73862+00
6828,1121,8,4,"[""Synvaza"",""AO ProVantage Gel""]",2025-05-30 00:33:52.73862+00,2025-05-30 00:33:52.73862+00
6829,1121,9,1,"[""Synvaza""]",2025-05-30 00:33:52.73862+00,2025-05-30 00:33:52.73862+00
6830,1121,9,2,"[""Synvaza""]",2025-05-30 00:33:52.73862+00,2025-05-30 00:33:52.73862+00
6831,1121,9,3,"[""Synvaza"",""AO ProVantage Gel""]",2025-05-30 00:33:52.73862+00,2025-05-30 00:33:52.73862+00
6832,1121,9,4,"[""Synvaza"",""AO ProVantage Gel""]",2025-05-30 00:33:52.73862+00,2025-05-30 00:33:52.73862+00
6833,1121,600,1,"[""Synvaza""]",2025-05-30 00:33:52.73862+00,2025-05-30 00:33:52.73862+00
6834,1121,600,2,"[""Synvaza""]",2025-05-30 00:33:52.73862+00,2025-05-30 00:33:52.73862+00
6835,1121,600,3,"[""Synvaza""]",2025-05-30 00:33:52.73862+00,2025-05-30 00:33:52.73862+00
6836,1121,600,4,"[""Synvaza"",""AO ProVantage Gel""]",2025-05-30 00:33:52.73862+00,2025-05-30 00:33:52.73862+00
6837,1121,597,1,"[""AO ProVantage Gel""]",2025-05-30 00:33:52.73862+00,2025-05-30 00:33:52.73862+00
6838,1121,597,2,"[""AO ProVantage Gel""]",2025-05-30 00:33:52.73862+00,2025-05-30 00:33:52.73862+00
6839,1121,597,3,"[""Synvaza""]",2025-05-30 00:33:52.73862+00,2025-05-30 00:33:52.73862+00
6840,1121,597,4,"[""Synvaza"",""AO ProVantage Gel""]",2025-05-30 00:33:52.73862+00,2025-05-30 00:33:52.73862+00
6841,1121,4,1,"[""AO ProVantage Gel""]",2025-05-30 00:33:52.73862+00,2025-05-30 00:33:52.73862+00
6842,1121,4,2,"[""AO ProVantage Gel""]",2025-05-30 00:33:52.73862+00,2025-05-30 00:33:52.73862+00
6843,1121,4,3,"[""AO ProVantage Gel""]",2025-05-30 00:33:52.73862+00,2025-05-30 00:33:52.73862+00
6844,1121,4,4,"[""AO ProVantage Gel""]",2025-05-30 00:33:52.73862+00,2025-05-30 00:33:52.73862+00
6845,1121,595,1,"[""Synvaza""]",2025-05-30 00:33:52.73862+00,2025-05-30 00:33:52.73862+00
6846,1121,595,2,"[""Synvaza""]",2025-05-30 00:33:52.73862+00,2025-05-30 00:33:52.73862+00
6847,1121,595,3,"[""Synvaza"",""AO ProVantage Gel""]",2025-05-30 00:33:52.73862+00,2025-05-30 00:33:52.73862+00
6848,1121,595,4,"[""Synvaza"",""AO ProVantage Gel""]",2025-05-30 00:33:52.73862+00,2025-05-30 00:33:52.73862+00
6849,1121,6,1,"[""AO ProToothpaste + AO ProRinse (patient choice)"",""AO ProVantage Gel""]",2025-05-30 00:33:52.73862+00,2025-05-30 00:33:52.73862+00
6850,1121,6,2,"[""AO ProToothpaste + AO ProRinse (patient choice)"",""AO ProVantage Gel""]",2025-05-30 00:33:52.73862+00,2025-05-30 00:33:52.73862+00
6851,1121,6,3,"[""AO ProToothpaste + AO ProRinse (patient choice)"",""AO ProVantage Gel"",""PerioProtect Tray (H2O2)""]",2025-05-30 00:33:52.73862+00,2025-05-30 00:33:52.73862+00
6852,1121,6,4,"[""AO ProToothpaste + AO ProRinse (patient choice)"",""AO ProVantage Gel"",""PerioProtect Tray (H2O2)""]",2025-05-30 00:33:52.73862+00,2025-05-30 00:33:52.73862+00
6853,1121,5,1,[],2025-05-30 00:33:52.73862+00,2025-05-30 00:33:52.73862+00
6854,1121,5,2,[],2025-05-30 00:33:52.73862+00,2025-05-30 00:33:52.73862+00
6855,1121,5,3,[],2025-05-30 00:33:52.73862+00,2025-05-30 00:33:52.73862+00
6856,1121,5,4,[],2025-05-30 00:33:52.73862+00,2025-05-30 00:33:52.73862+00
6857,1122,10,1,"[""AO ProRinse Hydrating""]",2025-05-30 00:33:52.73862+00,2025-05-30 00:33:52.73862+00
6858,1122,10,2,"[""Moisyn""]",2025-05-30 00:33:52.73862+00,2025-05-30 00:33:52.73862+00
6859,1122,10,3,"[""Moisyn""]",2025-05-30 00:33:52.73862+00,2025-05-30 00:33:52.73862+00
6860,1122,10,4,"[""Moisyn"",""AO ProVantage Gel""]",2025-05-30 00:33:52.73862+00,2025-05-30 00:33:52.73862+00
6861,1122,8,1,"[""AO ProVantage Gel""]",2025-05-30 00:33:52.73862+00,2025-05-30 00:33:52.73862+00
6862,1122,8,2,"[""Synvaza""]",2025-05-30 00:33:52.73862+00,2025-05-30 00:33:52.73862+00
6863,1122,8,3,"[""Synvaza"",""AO ProVantage Gel""]",2025-05-30 00:33:52.73862+00,2025-05-30 00:33:52.73862+00
6864,1122,8,4,"[""Synvaza"",""AO ProVantage Gel""]",2025-05-30 00:33:52.73862+00,2025-05-30 00:33:52.73862+00
6865,1122,9,1,"[""Synvaza""]",2025-05-30 00:33:52.73862+00,2025-05-30 00:33:52.73862+00
6866,1122,9,2,"[""Synvaza""]",2025-05-30 00:33:52.73862+00,2025-05-30 00:33:52.73862+00
6867,1122,9,3,"[""Synvaza"",""AO ProVantage Gel""]",2025-05-30 00:33:52.73862+00,2025-05-30 00:33:52.73862+00
6868,1122,9,4,"[""Synvaza"",""AO ProVantage Gel""]",2025-05-30 00:33:52.73862+00,2025-05-30 00:33:52.73862+00
6869,1122,600,1,"[""Synvaza""]",2025-05-30 00:33:52.73862+00,2025-05-30 00:33:52.73862+00
6870,1122,600,2,"[""Synvaza""]",2025-05-30 00:33:52.73862+00,2025-05-30 00:33:52.73862+00
6871,1122,600,3,"[""Synvaza""]",2025-05-30 00:33:52.73862+00,2025-05-30 00:33:52.73862+00
6872,1122,600,4,"[""Synvaza"",""AO ProVantage Gel""]",2025-05-30 00:33:52.73862+00,2025-05-30 00:33:52.73862+00
6873,1122,597,1,"[""AO ProVantage Gel""]",2025-05-30 00:33:52.73862+00,2025-05-30 00:33:52.73862+00
6874,1122,597,2,"[""AO ProVantage Gel""]",2025-05-30 00:33:52.73862+00,2025-05-30 00:33:52.73862+00
6875,1122,597,3,"[""Synvaza""]",2025-05-30 00:33:52.73862+00,2025-05-30 00:33:52.73862+00
6876,1122,597,4,"[""Synvaza"",""AO ProVantage Gel""]",2025-05-30 00:33:52.73862+00,2025-05-30 00:33:52.73862+00
6877,1122,4,1,"[""AO ProVantage Gel""]",2025-05-30 00:33:52.73862+00,2025-05-30 00:33:52.73862+00
6878,1122,4,2,"[""AO ProVantage Gel""]",2025-05-30 00:33:52.73862+00,2025-05-30 00:33:52.73862+00
6879,1122,4,3,"[""AO ProVantage Gel""]",2025-05-30 00:33:52.73862+00,2025-05-30 00:33:52.73862+00
6880,1122,4,4,"[""AO ProVantage Gel""]",2025-05-30 00:33:52.73862+00,2025-05-30 00:33:52.73862+00
6881,1122,595,1,"[""Synvaza""]",2025-05-30 00:33:52.73862+00,2025-05-30 00:33:52.73862+00
6882,1122,595,2,"[""Synvaza""]",2025-05-30 00:33:52.73862+00,2025-05-30 00:33:52.73862+00
6883,1122,595,3,"[""Synvaza"",""AO ProVantage Gel""]",2025-05-30 00:33:52.73862+00,2025-05-30 00:33:52.73862+00
6884,1122,595,4,"[""Synvaza"",""AO ProVantage Gel""]",2025-05-30 00:33:52.73862+00,2025-05-30 00:33:52.73862+00
6885,1122,6,1,"[""AO ProToothpaste + AO ProRinse (patient choice)"",""AO ProVantage Gel""]",2025-05-30 00:33:52.73862+00,2025-05-30 00:33:52.73862+00
6886,1122,6,2,"[""AO ProToothpaste + AO ProRinse (patient choice)"",""AO ProVantage Gel""]",2025-05-30 00:33:52.73862+00,2025-05-30 00:33:52.73862+00
6887,1122,6,3,"[""AO ProToothpaste + AO ProRinse (patient choice)"",""AO ProVantage Gel"",""PerioProtect Tray (H2O2)""]",2025-05-30 00:33:52.73862+00,2025-05-30 00:33:52.73862+00
6888,1122,6,4,"[""AO ProToothpaste + AO ProRinse (patient choice)"",""AO ProVantage Gel"",""PerioProtect Tray (H2O2)""]",2025-05-30 00:33:52.73862+00,2025-05-30 00:33:52.73862+00
6889,1123,10,1,"[""AO ProRinse Hydrating""]",2025-05-30 00:33:52.73862+00,2025-05-30 00:33:52.73862+00
6890,1123,10,2,"[""Moisyn""]",2025-05-30 00:33:52.73862+00,2025-05-30 00:33:52.73862+00
6891,1123,10,3,"[""Moisyn""]",2025-05-30 00:33:52.73862+00,2025-05-30 00:33:52.73862+00
6892,1123,10,4,"[""Moisyn"",""AO ProVantage Gel""]",2025-05-30 00:33:52.73862+00,2025-05-30 00:33:52.73862+00
6893,1123,8,1,"[""AO ProVantage Gel""]",2025-05-30 00:33:52.73862+00,2025-05-30 00:33:52.73862+00
6894,1123,8,2,"[""Synvaza""]",2025-05-30 00:33:52.73862+00,2025-05-30 00:33:52.73862+00
6895,1123,8,3,"[""Synvaza"",""AO ProVantage Gel""]",2025-05-30 00:33:52.73862+00,2025-05-30 00:33:52.73862+00
6896,1123,8,4,"[""Synvaza"",""AO ProVantage Gel""]",2025-05-30 00:33:52.73862+00,2025-05-30 00:33:52.73862+00
6897,1123,9,1,"[""Synvaza""]",2025-05-30 00:33:52.73862+00,2025-05-30 00:33:52.73862+00
6898,1123,9,2,"[""Synvaza""]",2025-05-30 00:33:52.73862+00,2025-05-30 00:33:52.73862+00
6899,1123,9,3,"[""Synvaza"",""AO ProVantage Gel""]",2025-05-30 00:33:52.73862+00,2025-05-30 00:33:52.73862+00
6900,1123,9,4,"[""Synvaza"",""AO ProVantage Gel""]",2025-05-30 00:33:52.73862+00,2025-05-30 00:33:52.73862+00
6901,1123,600,1,"[""Synvaza""]",2025-05-30 00:33:52.73862+00,2025-05-30 00:33:52.73862+00
6902,1123,600,2,"[""Synvaza""]",2025-05-30 00:33:52.73862+00,2025-05-30 00:33:52.73862+00
6903,1123,600,3,"[""Synvaza""]",2025-05-30 00:33:52.73862+00,2025-05-30 00:33:52.73862+00
6904,1123,600,4,"[""Synvaza"",""AO ProVantage Gel""]",2025-05-30 00:33:52.73862+00,2025-05-30 00:33:52.73862+00
6905,1123,597,1,"[""AO ProVantage Gel""]",2025-05-30 00:33:52.73862+00,2025-05-30 00:33:52.73862+00
6906,1123,597,2,"[""AO ProVantage Gel""]",2025-05-30 00:33:52.73862+00,2025-05-30 00:33:52.73862+00
6907,1123,597,3,"[""Synvaza""]",2025-05-30 00:33:52.73862+00,2025-05-30 00:33:52.73862+00
6908,1123,597,4,"[""Synvaza"",""AO ProVantage Gel""]",2025-05-30 00:33:52.73862+00,2025-05-30 00:33:52.73862+00
6909,1123,4,1,"[""AO ProVantage Gel""]",2025-05-30 00:33:52.73862+00,2025-05-30 00:33:52.73862+00
6910,1123,4,2,"[""AO ProVantage Gel""]",2025-05-30 00:33:52.73862+00,2025-05-30 00:33:52.73862+00
6911,1123,4,3,"[""AO ProVantage Gel""]",2025-05-30 00:33:52.73862+00,2025-05-30 00:33:52.73862+00
6912,1123,4,4,"[""AO ProVantage Gel""]",2025-05-30 00:33:52.73862+00,2025-05-30 00:33:52.73862+00
6913,1123,595,1,"[""Synvaza""]",2025-05-30 00:33:52.73862+00,2025-05-30 00:33:52.73862+00
6914,1123,595,2,"[""Synvaza""]",2025-05-30 00:33:52.73862+00,2025-05-30 00:33:52.73862+00
6915,1123,595,3,"[""Synvaza"",""AO ProVantage Gel""]",2025-05-30 00:33:52.73862+00,2025-05-30 00:33:52.73862+00
6916,1123,595,4,"[""Synvaza"",""AO ProVantage Gel""]",2025-05-30 00:33:52.73862+00,2025-05-30 00:33:52.73862+00
6917,1123,6,1,"[""AO ProToothpaste + AO ProRinse (patient choice)"",""AO ProVantage Gel""]",2025-05-30 00:33:52.73862+00,2025-05-30 00:33:52.73862+00
6918,1123,6,2,"[""AO ProToothpaste + AO ProRinse (patient choice)"",""AO ProVantage Gel""]",2025-05-30 00:33:52.73862+00,2025-05-30 00:33:52.73862+00
6919,1123,6,3,"[""AO ProToothpaste + AO ProRinse (patient choice)"",""AO ProVantage Gel"",""PerioProtect Tray (H2O2)""]",2025-05-30 00:33:52.73862+00,2025-05-30 00:33:52.73862+00
6920,1123,6,4,"[""AO ProToothpaste + AO ProRinse (patient choice)"",""AO ProVantage Gel"",""PerioProtect Tray (H2O2)""]",2025-05-30 00:33:52.73862+00,2025-05-30 00:33:52.73862+00
6921,1124,10,1,"[""AO ProRinse Hydrating""]",2025-05-30 00:33:52.73862+00,2025-05-30 00:33:52.73862+00
6922,1124,10,2,"[""Moisyn""]",2025-05-30 00:33:52.73862+00,2025-05-30 00:33:52.73862+00
6923,1124,10,3,"[""Moisyn""]",2025-05-30 00:33:52.73862+00,2025-05-30 00:33:52.73862+00
6924,1124,10,4,"[""Moisyn"",""AO ProVantage Gel""]",2025-05-30 00:33:52.73862+00,2025-05-30 00:33:52.73862+00
6925,1124,8,1,"[""AO ProVantage Gel""]",2025-05-30 00:33:52.73862+00,2025-05-30 00:33:52.73862+00
6926,1124,8,2,"[""Synvaza""]",2025-05-30 00:33:52.73862+00,2025-05-30 00:33:52.73862+00
6927,1124,8,3,"[""Synvaza"",""AO ProVantage Gel""]",2025-05-30 00:33:52.73862+00,2025-05-30 00:33:52.73862+00
6928,1124,8,4,"[""Synvaza"",""AO ProVantage Gel""]",2025-05-30 00:33:52.73862+00,2025-05-30 00:33:52.73862+00
6929,1124,9,1,"[""Synvaza""]",2025-05-30 00:33:52.73862+00,2025-05-30 00:33:52.73862+00
6930,1124,9,2,"[""Synvaza""]",2025-05-30 00:33:52.73862+00,2025-05-30 00:33:52.73862+00
6931,1124,9,3,"[""Synvaza"",""AO ProVantage Gel""]",2025-05-30 00:33:52.73862+00,2025-05-30 00:33:52.73862+00
6932,1124,9,4,"[""Synvaza"",""AO ProVantage Gel""]",2025-05-30 00:33:52.73862+00,2025-05-30 00:33:52.73862+00
6933,1124,600,1,"[""Synvaza""]",2025-05-30 00:33:52.73862+00,2025-05-30 00:33:52.73862+00
6934,1124,600,2,"[""Synvaza""]",2025-05-30 00:33:52.73862+00,2025-05-30 00:33:52.73862+00
6935,1124,600,3,"[""Synvaza""]",2025-05-30 00:33:52.73862+00,2025-05-30 00:33:52.73862+00
6936,1124,600,4,"[""Synvaza"",""AO ProVantage Gel""]",2025-05-30 00:33:52.73862+00,2025-05-30 00:33:52.73862+00
6937,1124,597,1,"[""AO ProVantage Gel""]",2025-05-30 00:33:52.73862+00,2025-05-30 00:33:52.73862+00
6938,1124,597,2,"[""AO ProVantage Gel""]",2025-05-30 00:33:52.73862+00,2025-05-30 00:33:52.73862+00
6939,1124,597,3,"[""Synvaza""]",2025-05-30 00:33:52.73862+00,2025-05-30 00:33:52.73862+00
6940,1124,597,4,"[""Synvaza"",""AO ProVantage Gel""]",2025-05-30 00:33:52.73862+00,2025-05-30 00:33:52.73862+00
6941,1124,4,1,"[""AO ProVantage Gel""]",2025-05-30 00:33:52.73862+00,2025-05-30 00:33:52.73862+00
6942,1124,4,2,"[""AO ProVantage Gel""]",2025-05-30 00:33:52.73862+00,2025-05-30 00:33:52.73862+00
6943,1124,4,3,"[""AO ProVantage Gel""]",2025-05-30 00:33:52.73862+00,2025-05-30 00:33:52.73862+00
6944,1124,4,4,"[""AO ProVantage Gel""]",2025-05-30 00:33:52.73862+00,2025-05-30 00:33:52.73862+00
6945,1124,595,1,"[""Synvaza""]",2025-05-30 00:33:52.73862+00,2025-05-30 00:33:52.73862+00
6946,1124,595,2,"[""Synvaza""]",2025-05-30 00:33:52.73862+00,2025-05-30 00:33:52.73862+00
6947,1124,595,3,"[""Synvaza"",""AO ProVantage Gel""]",2025-05-30 00:33:52.73862+00,2025-05-30 00:33:52.73862+00
6948,1124,595,4,"[""Synvaza"",""AO ProVantage Gel""]",2025-05-30 00:33:52.73862+00,2025-05-30 00:33:52.73862+00
6949,1124,6,1,"[""AO ProToothpaste + AO ProRinse (patient choice)"",""AO ProVantage Gel""]",2025-05-30 00:33:52.73862+00,2025-05-30 00:33:52.73862+00
6950,1124,6,2,"[""AO ProToothpaste + AO ProRinse (patient choice)"",""AO ProVantage Gel""]",2025-05-30 00:33:52.73862+00,2025-05-30 00:33:52.73862+00
6951,1124,6,3,"[""AO ProToothpaste + AO ProRinse (patient choice)"",""AO ProVantage Gel"",""PerioProtect Tray (H2O2)""]",2025-05-30 00:33:52.73862+00,2025-05-30 00:33:52.73862+00
6952,1124,6,4,"[""AO ProToothpaste + AO ProRinse (patient choice)"",""AO ProVantage Gel"",""PerioProtect Tray (H2O2)""]",2025-05-30 00:33:52.73862+00,2025-05-30 00:33:52.73862+00
6953,1125,10,1,"[""AO ProRinse Hydrating""]",2025-05-30 00:33:52.73862+00,2025-05-30 00:33:52.73862+00
6954,1125,10,2,"[""Moisyn""]",2025-05-30 00:33:52.73862+00,2025-05-30 00:33:52.73862+00
6955,1125,10,3,"[""Moisyn""]",2025-05-30 00:33:52.73862+00,2025-05-30 00:33:52.73862+00
6956,1125,10,4,"[""Moisyn"",""AO ProVantage Gel""]",2025-05-30 00:33:52.73862+00,2025-05-30 00:33:52.73862+00
6957,1125,8,1,"[""AO ProVantage Gel""]",2025-05-30 00:33:52.73862+00,2025-05-30 00:33:52.73862+00
6958,1125,8,2,"[""Synvaza""]",2025-05-30 00:33:52.73862+00,2025-05-30 00:33:52.73862+00
6959,1125,8,3,"[""Synvaza"",""AO ProVantage Gel""]",2025-05-30 00:33:52.73862+00,2025-05-30 00:33:52.73862+00
6960,1125,8,4,"[""Synvaza"",""AO ProVantage Gel""]",2025-05-30 00:33:52.73862+00,2025-05-30 00:33:52.73862+00
6961,1125,9,1,"[""Synvaza""]",2025-05-30 00:33:52.73862+00,2025-05-30 00:33:52.73862+00
6962,1125,9,2,"[""Synvaza""]",2025-05-30 00:33:52.73862+00,2025-05-30 00:33:52.73862+00
6963,1125,9,3,"[""Synvaza"",""AO ProVantage Gel""]",2025-05-30 00:33:52.73862+00,2025-05-30 00:33:52.73862+00
6964,1125,9,4,"[""Synvaza"",""AO ProVantage Gel""]",2025-05-30 00:33:52.73862+00,2025-05-30 00:33:52.73862+00
6965,1125,600,1,"[""Synvaza""]",2025-05-30 00:33:52.73862+00,2025-05-30 00:33:52.73862+00
6966,1125,600,2,"[""Synvaza""]",2025-05-30 00:33:52.73862+00,2025-05-30 00:33:52.73862+00
6967,1125,600,3,"[""Synvaza""]",2025-05-30 00:33:52.73862+00,2025-05-30 00:33:52.73862+00
6968,1125,600,4,"[""Synvaza"",""AO ProVantage Gel""]",2025-05-30 00:33:52.73862+00,2025-05-30 00:33:52.73862+00
6969,1125,597,1,"[""AO ProVantage Gel""]",2025-05-30 00:33:52.73862+00,2025-05-30 00:33:52.73862+00
6970,1125,597,2,"[""AO ProVantage Gel""]",2025-05-30 00:33:52.73862+00,2025-05-30 00:33:52.73862+00
6971,1125,597,3,"[""Synvaza""]",2025-05-30 00:33:52.73862+00,2025-05-30 00:33:52.73862+00
6972,1125,597,4,"[""Synvaza"",""AO ProVantage Gel""]",2025-05-30 00:33:52.73862+00,2025-05-30 00:33:52.73862+00
6973,1125,4,1,"[""AO ProVantage Gel""]",2025-05-30 00:33:52.73862+00,2025-05-30 00:33:52.73862+00
6974,1125,4,2,"[""AO ProVantage Gel""]",2025-05-30 00:33:52.73862+00,2025-05-30 00:33:52.73862+00
6975,1125,4,3,"[""AO ProVantage Gel""]",2025-05-30 00:33:52.73862+00,2025-05-30 00:33:52.73862+00
6976,1125,4,4,"[""AO ProVantage Gel""]",2025-05-30 00:33:52.73862+00,2025-05-30 00:33:52.73862+00
6977,1125,595,1,"[""Synvaza""]",2025-05-30 00:33:52.73862+00,2025-05-30 00:33:52.73862+00
6978,1125,595,2,"[""Synvaza""]",2025-05-30 00:33:52.73862+00,2025-05-30 00:33:52.73862+00
6979,1125,595,3,"[""Synvaza"",""AO ProVantage Gel""]",2025-05-30 00:33:52.73862+00,2025-05-30 00:33:52.73862+00
6980,1125,595,4,"[""Synvaza"",""AO ProVantage Gel""]",2025-05-30 00:33:52.73862+00,2025-05-30 00:33:52.73862+00
6981,1125,6,1,"[""AO ProToothpaste + AO ProRinse (patient choice)"",""AO ProVantage Gel""]",2025-05-30 00:33:52.73862+00,2025-05-30 00:33:52.73862+00
6982,1125,6,2,"[""AO ProToothpaste + AO ProRinse (patient choice)"",""AO ProVantage Gel""]",2025-05-30 00:33:52.73862+00,2025-05-30 00:33:52.73862+00
6983,1125,6,3,"[""AO ProToothpaste + AO ProRinse (patient choice)"",""AO ProVantage Gel"",""PerioProtect Tray (H2O2)""]",2025-05-30 00:33:52.73862+00,2025-05-30 00:33:52.73862+00
6984,1125,6,4,"[""AO ProToothpaste + AO ProRinse (patient choice)"",""AO ProVantage Gel"",""PerioProtect Tray (H2O2)""]",2025-05-30 00:33:52.73862+00,2025-05-30 00:33:52.73862+00
6985,1128,10,1,"[""AO ProRinse Hydrating""]",2025-05-30 00:33:52.73862+00,2025-05-30 00:33:52.73862+00
6986,1128,10,2,"[""Moisyn""]",2025-05-30 00:33:52.73862+00,2025-05-30 00:33:52.73862+00
6987,1128,10,3,"[""Moisyn""]",2025-05-30 00:33:52.73862+00,2025-05-30 00:33:52.73862+00
6988,1128,10,4,"[""Moisyn"",""AO ProVantage Gel""]",2025-05-30 00:33:52.73862+00,2025-05-30 00:33:52.73862+00
6989,1128,8,1,"[""AO ProVantage Gel""]",2025-05-30 00:33:52.73862+00,2025-05-30 00:33:52.73862+00
6990,1128,8,2,"[""Synvaza""]",2025-05-30 00:33:52.73862+00,2025-05-30 00:33:52.73862+00
6991,1128,8,3,"[""Synvaza"",""AO ProVantage Gel""]",2025-05-30 00:33:52.73862+00,2025-05-30 00:33:52.73862+00
6992,1128,8,4,"[""Synvaza"",""AO ProVantage Gel""]",2025-05-30 00:33:52.73862+00,2025-05-30 00:33:52.73862+00
6993,1128,9,1,"[""Synvaza""]",2025-05-30 00:33:52.73862+00,2025-05-30 00:33:52.73862+00
6994,1128,9,2,"[""Synvaza""]",2025-05-30 00:33:52.73862+00,2025-05-30 00:33:52.73862+00
6995,1128,9,3,"[""Synvaza"",""AO ProVantage Gel""]",2025-05-30 00:33:52.73862+00,2025-05-30 00:33:52.73862+00
6996,1128,9,4,"[""Synvaza"",""AO ProVantage Gel""]",2025-05-30 00:33:52.73862+00,2025-05-30 00:33:52.73862+00
6997,1128,600,1,"[""Synvaza""]",2025-05-30 00:33:52.73862+00,2025-05-30 00:33:52.73862+00
6998,1128,600,2,"[""Synvaza""]",2025-05-30 00:33:52.73862+00,2025-05-30 00:33:52.73862+00
6999,1128,600,3,"[""Synvaza""]",2025-05-30 00:33:52.73862+00,2025-05-30 00:33:52.73862+00
7000,1128,600,4,"[""Synvaza"",""AO ProVantage Gel""]",2025-05-30 00:33:52.73862+00,2025-05-30 00:33:52.73862+00
7001,1128,597,1,"[""AO ProVantage Gel""]",2025-05-30 00:33:52.73862+00,2025-05-30 00:33:52.73862+00
7002,1128,597,2,"[""AO ProVantage Gel""]",2025-05-30 00:33:52.73862+00,2025-05-30 00:33:52.73862+00
7003,1128,597,3,"[""Synvaza""]",2025-05-30 00:33:52.73862+00,2025-05-30 00:33:52.73862+00
7004,1128,597,4,"[""Synvaza"",""AO ProVantage Gel""]",2025-05-30 00:33:52.73862+00,2025-05-30 00:33:52.73862+00
7005,1128,4,1,"[""AO ProVantage Gel""]",2025-05-30 00:33:52.73862+00,2025-05-30 00:33:52.73862+00
7006,1128,4,2,"[""AO ProVantage Gel""]",2025-05-30 00:33:52.73862+00,2025-05-30 00:33:52.73862+00
7007,1128,4,3,"[""AO ProVantage Gel""]",2025-05-30 00:33:52.73862+00,2025-05-30 00:33:52.73862+00
7008,1128,4,4,"[""AO ProVantage Gel""]",2025-05-30 00:33:52.73862+00,2025-05-30 00:33:52.73862+00
7009,1128,595,1,"[""Synvaza""]",2025-05-30 00:33:52.73862+00,2025-05-30 00:33:52.73862+00
7010,1128,595,2,"[""Synvaza""]",2025-05-30 00:33:52.73862+00,2025-05-30 00:33:52.73862+00
7011,1128,595,3,"[""Synvaza"",""AO ProVantage Gel""]",2025-05-30 00:33:52.73862+00,2025-05-30 00:33:52.73862+00
7012,1128,595,4,"[""Synvaza"",""AO ProVantage Gel""]",2025-05-30 00:33:52.73862+00,2025-05-30 00:33:52.73862+00
7013,1128,6,1,"[""AO ProToothpaste + AO ProRinse (patient choice)"",""AO ProVantage Gel""]",2025-05-30 00:33:52.73862+00,2025-05-30 00:33:52.73862+00
7014,1128,6,2,"[""AO ProToothpaste + AO ProRinse (patient choice)"",""AO ProVantage Gel""]",2025-05-30 00:33:52.73862+00,2025-05-30 00:33:52.73862+00
7015,1128,6,3,"[""AO ProToothpaste + AO ProRinse (patient choice)"",""AO ProVantage Gel"",""PerioProtect Tray (H2O2)""]",2025-05-30 00:33:52.73862+00,2025-05-30 00:33:52.73862+00
7016,1128,6,4,"[""AO ProToothpaste + AO ProRinse (patient choice)"",""AO ProVantage Gel"",""PerioProtect Tray (H2O2)""]",2025-05-30 00:33:52.73862+00,2025-05-30 00:33:52.73862+00
7017,1132,10,1,"[""AO ProRinse Hydrating""]",2025-05-30 00:33:52.73862+00,2025-05-30 00:33:52.73862+00
7018,1132,10,2,"[""Moisyn""]",2025-05-30 00:33:52.73862+00,2025-05-30 00:33:52.73862+00
7019,1132,10,3,"[""Moisyn""]",2025-05-30 00:33:52.73862+00,2025-05-30 00:33:52.73862+00
7020,1132,10,4,"[""Moisyn"",""AO ProVantage Gel""]",2025-05-30 00:33:52.73862+00,2025-05-30 00:33:52.73862+00
7021,1132,8,1,"[""AO ProVantage Gel""]",2025-05-30 00:33:52.73862+00,2025-05-30 00:33:52.73862+00
7022,1132,8,2,"[""Synvaza""]",2025-05-30 00:33:52.73862+00,2025-05-30 00:33:52.73862+00
7023,1132,8,3,"[""Synvaza"",""AO ProVantage Gel""]",2025-05-30 00:33:52.73862+00,2025-05-30 00:33:52.73862+00
7024,1132,8,4,"[""Synvaza"",""AO ProVantage Gel""]",2025-05-30 00:33:52.73862+00,2025-05-30 00:33:52.73862+00
7025,1132,9,1,"[""Synvaza""]",2025-05-30 00:33:52.73862+00,2025-05-30 00:33:52.73862+00
7026,1132,9,2,"[""Synvaza""]",2025-05-30 00:33:52.73862+00,2025-05-30 00:33:52.73862+00
7027,1132,9,3,"[""Synvaza"",""AO ProVantage Gel""]",2025-05-30 00:33:52.73862+00,2025-05-30 00:33:52.73862+00
7028,1132,9,4,"[""Synvaza"",""AO ProVantage Gel""]",2025-05-30 00:33:52.73862+00,2025-05-30 00:33:52.73862+00
7029,1132,600,1,"[""Synvaza""]",2025-05-30 00:33:52.73862+00,2025-05-30 00:33:52.73862+00
7030,1132,600,2,"[""Synvaza""]",2025-05-30 00:33:52.73862+00,2025-05-30 00:33:52.73862+00
7031,1132,600,3,"[""Synvaza""]",2025-05-30 00:33:52.73862+00,2025-05-30 00:33:52.73862+00
7032,1132,600,4,"[""Synvaza"",""AO ProVantage Gel""]",2025-05-30 00:33:52.73862+00,2025-05-30 00:33:52.73862+00
7033,1132,597,1,"[""AO ProVantage Gel""]",2025-05-30 00:33:52.73862+00,2025-05-30 00:33:52.73862+00
7034,1132,597,2,"[""AO ProVantage Gel""]",2025-05-30 00:33:52.73862+00,2025-05-30 00:33:52.73862+00
7035,1132,597,3,"[""Synvaza""]",2025-05-30 00:33:52.73862+00,2025-05-30 00:33:52.73862+00
7036,1132,597,4,"[""Synvaza"",""AO ProVantage Gel""]",2025-05-30 00:33:52.73862+00,2025-05-30 00:33:52.73862+00
7037,1132,4,1,"[""AO ProVantage Gel""]",2025-05-30 00:33:52.73862+00,2025-05-30 00:33:52.73862+00
7038,1132,4,2,"[""AO ProVantage Gel""]",2025-05-30 00:33:52.73862+00,2025-05-30 00:33:52.73862+00
7039,1132,4,3,"[""AO ProVantage Gel""]",2025-05-30 00:33:52.73862+00,2025-05-30 00:33:52.73862+00
7040,1132,4,4,"[""AO ProVantage Gel""]",2025-05-30 00:33:52.73862+00,2025-05-30 00:33:52.73862+00
7041,1132,595,1,"[""Synvaza""]",2025-05-30 00:33:52.73862+00,2025-05-30 00:33:52.73862+00
7042,1132,595,2,"[""Synvaza""]",2025-05-30 00:33:52.73862+00,2025-05-30 00:33:52.73862+00
7043,1132,595,3,"[""Synvaza"",""AO ProVantage Gel""]",2025-05-30 00:33:52.73862+00,2025-05-30 00:33:52.73862+00
7044,1132,595,4,"[""Synvaza"",""AO ProVantage Gel""]",2025-05-30 00:33:52.73862+00,2025-05-30 00:33:52.73862+00
7045,1132,6,1,"[""AO ProToothpaste + AO ProRinse (patient choice)"",""AO ProVantage Gel""]",2025-05-30 00:33:52.73862+00,2025-05-30 00:33:52.73862+00
7046,1132,6,2,"[""AO ProToothpaste + AO ProRinse (patient choice)"",""AO ProVantage Gel""]",2025-05-30 00:33:52.73862+00,2025-05-30 00:33:52.73862+00
7047,1132,6,3,"[""AO ProToothpaste + AO ProRinse (patient choice)"",""AO ProVantage Gel"",""PerioProtect Tray (H2O2)""]",2025-05-30 00:33:52.73862+00,2025-05-30 00:33:52.73862+00
7048,1132,6,4,"[""AO ProToothpaste + AO ProRinse (patient choice)"",""AO ProVantage Gel"",""PerioProtect Tray (H2O2)""]",2025-05-30 00:33:52.73862+00,2025-05-30 00:33:52.73862+00
7049,1133,10,1,"[""AO ProRinse Hydrating""]",2025-05-30 00:33:52.73862+00,2025-05-30 00:33:52.73862+00
7050,1133,10,2,"[""Moisyn""]",2025-05-30 00:33:52.73862+00,2025-05-30 00:33:52.73862+00
7051,1133,10,3,"[""Moisyn""]",2025-05-30 00:33:52.73862+00,2025-05-30 00:33:52.73862+00
7052,1133,10,4,"[""Moisyn"",""AO ProVantage Gel""]",2025-05-30 00:33:52.73862+00,2025-05-30 00:33:52.73862+00
7053,1133,8,1,"[""AO ProVantage Gel""]",2025-05-30 00:33:52.73862+00,2025-05-30 00:33:52.73862+00
7054,1133,8,2,"[""Synvaza""]",2025-05-30 00:33:52.73862+00,2025-05-30 00:33:52.73862+00
7055,1133,8,3,"[""Synvaza"",""AO ProVantage Gel""]",2025-05-30 00:33:52.73862+00,2025-05-30 00:33:52.73862+00
7056,1133,8,4,"[""Synvaza"",""AO ProVantage Gel""]",2025-05-30 00:33:52.73862+00,2025-05-30 00:33:52.73862+00
7057,1133,9,1,"[""Synvaza""]",2025-05-30 00:33:52.73862+00,2025-05-30 00:33:52.73862+00
7058,1133,9,2,"[""Synvaza""]",2025-05-30 00:33:52.73862+00,2025-05-30 00:33:52.73862+00
7059,1133,9,3,"[""Synvaza"",""AO ProVantage Gel""]",2025-05-30 00:33:52.73862+00,2025-05-30 00:33:52.73862+00
7060,1133,9,4,"[""Synvaza"",""AO ProVantage Gel""]",2025-05-30 00:33:52.73862+00,2025-05-30 00:33:52.73862+00
7061,1133,600,1,"[""Synvaza""]",2025-05-30 00:33:52.73862+00,2025-05-30 00:33:52.73862+00
7062,1133,600,2,"[""Synvaza""]",2025-05-30 00:33:52.73862+00,2025-05-30 00:33:52.73862+00
7063,1133,600,3,"[""Synvaza""]",2025-05-30 00:33:52.73862+00,2025-05-30 00:33:52.73862+00
7064,1133,600,4,"[""Synvaza"",""AO ProVantage Gel""]",2025-05-30 00:33:52.73862+00,2025-05-30 00:33:52.73862+00
7065,1133,597,1,"[""AO ProVantage Gel""]",2025-05-30 00:33:52.73862+00,2025-05-30 00:33:52.73862+00
7066,1133,597,2,"[""AO ProVantage Gel""]",2025-05-30 00:33:52.73862+00,2025-05-30 00:33:52.73862+00
7067,1133,597,3,"[""Synvaza""]",2025-05-30 00:33:52.73862+00,2025-05-30 00:33:52.73862+00
7068,1133,597,4,"[""Synvaza"",""AO ProVantage Gel""]",2025-05-30 00:33:52.73862+00,2025-05-30 00:33:52.73862+00
7069,1133,4,1,"[""AO ProVantage Gel""]",2025-05-30 00:33:52.73862+00,2025-05-30 00:33:52.73862+00
7070,1133,4,2,"[""AO ProVantage Gel""]",2025-05-30 00:33:52.73862+00,2025-05-30 00:33:52.73862+00
7071,1133,4,3,"[""AO ProVantage Gel""]",2025-05-30 00:33:52.73862+00,2025-05-30 00:33:52.73862+00
7072,1133,4,4,"[""AO ProVantage Gel""]",2025-05-30 00:33:52.73862+00,2025-05-30 00:33:52.73862+00
7073,1133,595,1,"[""Synvaza""]",2025-05-30 00:33:52.73862+00,2025-05-30 00:33:52.73862+00
7074,1133,595,2,"[""Synvaza""]",2025-05-30 00:33:52.73862+00,2025-05-30 00:33:52.73862+00
7075,1133,595,3,"[""Synvaza"",""AO ProVantage Gel""]",2025-05-30 00:33:52.73862+00,2025-05-30 00:33:52.73862+00
7076,1133,595,4,"[""Synvaza"",""AO ProVantage Gel""]",2025-05-30 00:33:52.73862+00,2025-05-30 00:33:52.73862+00
7077,1133,6,1,"[""AO ProToothpaste + AO ProRinse (patient choice)"",""AO ProVantage Gel""]",2025-05-30 00:33:52.73862+00,2025-05-30 00:33:52.73862+00
7078,1133,6,2,"[""AO ProToothpaste + AO ProRinse (patient choice)"",""AO ProVantage Gel""]",2025-05-30 00:33:52.73862+00,2025-05-30 00:33:52.73862+00
7079,1133,6,3,"[""AO ProToothpaste + AO ProRinse (patient choice)"",""AO ProVantage Gel"",""PerioProtect Tray (H2O2)""]",2025-05-30 00:33:52.73862+00,2025-05-30 00:33:52.73862+00
7080,1133,6,4,"[""AO ProToothpaste + AO ProRinse (patient choice)"",""AO ProVantage Gel"",""PerioProtect Tray (H2O2)""]",2025-05-30 00:33:52.73862+00,2025-05-30 00:33:52.73862+00
7081,1134,10,1,"[""AO ProRinse Hydrating""]",2025-05-30 00:33:52.73862+00,2025-05-30 00:33:52.73862+00
7082,1134,10,2,"[""Moisyn""]",2025-05-30 00:33:52.73862+00,2025-05-30 00:33:52.73862+00
7083,1134,10,3,"[""Moisyn""]",2025-05-30 00:33:52.73862+00,2025-05-30 00:33:52.73862+00
7084,1134,10,4,"[""Moisyn"",""AO ProVantage Gel""]",2025-05-30 00:33:52.73862+00,2025-05-30 00:33:52.73862+00
7085,1134,8,1,"[""AO ProVantage Gel""]",2025-05-30 00:33:52.73862+00,2025-05-30 00:33:52.73862+00
7086,1134,8,2,"[""Synvaza""]",2025-05-30 00:33:52.73862+00,2025-05-30 00:33:52.73862+00
7087,1134,8,3,"[""Synvaza"",""AO ProVantage Gel""]",2025-05-30 00:33:52.73862+00,2025-05-30 00:33:52.73862+00
7088,1134,8,4,"[""Synvaza"",""AO ProVantage Gel""]",2025-05-30 00:33:52.73862+00,2025-05-30 00:33:52.73862+00
7089,1134,9,1,"[""Synvaza""]",2025-05-30 00:33:52.73862+00,2025-05-30 00:33:52.73862+00
7090,1134,9,2,"[""Synvaza""]",2025-05-30 00:33:52.73862+00,2025-05-30 00:33:52.73862+00
7091,1134,9,3,"[""Synvaza"",""AO ProVantage Gel""]",2025-05-30 00:33:52.73862+00,2025-05-30 00:33:52.73862+00
7092,1134,9,4,"[""Synvaza"",""AO ProVantage Gel""]",2025-05-30 00:33:52.73862+00,2025-05-30 00:33:52.73862+00
7093,1134,600,1,"[""Synvaza""]",2025-05-30 00:33:52.73862+00,2025-05-30 00:33:52.73862+00
7094,1134,600,2,"[""Synvaza""]",2025-05-30 00:33:52.73862+00,2025-05-30 00:33:52.73862+00
7095,1134,600,3,"[""Synvaza""]",2025-05-30 00:33:52.73862+00,2025-05-30 00:33:52.73862+00
7096,1134,600,4,"[""Synvaza"",""AO ProVantage Gel""]",2025-05-30 00:33:52.73862+00,2025-05-30 00:33:52.73862+00
7097,1134,597,1,"[""AO ProVantage Gel""]",2025-05-30 00:33:52.73862+00,2025-05-30 00:33:52.73862+00
7098,1134,597,2,"[""AO ProVantage Gel""]",2025-05-30 00:33:52.73862+00,2025-05-30 00:33:52.73862+00
7099,1134,597,3,"[""Synvaza""]",2025-05-30 00:33:52.73862+00,2025-05-30 00:33:52.73862+00
7100,1134,597,4,"[""Synvaza"",""AO ProVantage Gel""]",2025-05-30 00:33:52.73862+00,2025-05-30 00:33:52.73862+00
7101,1134,4,1,"[""AO ProVantage Gel""]",2025-05-30 00:33:52.73862+00,2025-05-30 00:33:52.73862+00
7102,1134,4,2,"[""AO ProVantage Gel""]",2025-05-30 00:33:52.73862+00,2025-05-30 00:33:52.73862+00
7103,1134,4,3,"[""AO ProVantage Gel""]",2025-05-30 00:33:52.73862+00,2025-05-30 00:33:52.73862+00
7104,1134,4,4,"[""AO ProVantage Gel""]",2025-05-30 00:33:52.73862+00,2025-05-30 00:33:52.73862+00
7105,1134,595,1,"[""Synvaza""]",2025-05-30 00:33:52.73862+00,2025-05-30 00:33:52.73862+00
7106,1134,595,2,"[""Synvaza""]",2025-05-30 00:33:52.73862+00,2025-05-30 00:33:52.73862+00
7107,1134,595,3,"[""Synvaza"",""AO ProVantage Gel""]",2025-05-30 00:33:52.73862+00,2025-05-30 00:33:52.73862+00
7108,1134,595,4,"[""Synvaza"",""AO ProVantage Gel""]",2025-05-30 00:33:52.73862+00,2025-05-30 00:33:52.73862+00
7109,1134,6,1,"[""AO ProToothpaste + AO ProRinse (patient choice)"",""AO ProVantage Gel""]",2025-05-30 00:33:52.73862+00,2025-05-30 00:33:52.73862+00
7110,1134,6,2,"[""AO ProToothpaste + AO ProRinse (patient choice)"",""AO ProVantage Gel""]",2025-05-30 00:33:52.73862+00,2025-05-30 00:33:52.73862+00
7111,1134,6,3,"[""AO ProToothpaste + AO ProRinse (patient choice)"",""AO ProVantage Gel"",""PerioProtect Tray (H2O2)""]",2025-05-30 00:33:52.73862+00,2025-05-30 00:33:52.73862+00
7112,1134,6,4,"[""AO ProToothpaste + AO ProRinse (patient choice)"",""AO ProVantage Gel"",""PerioProtect Tray (H2O2)""]",2025-05-30 00:33:52.73862+00,2025-05-30 00:33:52.73862+00
7113,1135,10,1,"[""AO ProRinse Hydrating""]",2025-05-30 00:33:52.73862+00,2025-05-30 00:33:52.73862+00
7114,1135,10,2,"[""Moisyn""]",2025-05-30 00:33:52.73862+00,2025-05-30 00:33:52.73862+00
7115,1135,10,3,"[""Moisyn""]",2025-05-30 00:33:52.73862+00,2025-05-30 00:33:52.73862+00
7116,1135,10,4,"[""Moisyn"",""AO ProVantage Gel""]",2025-05-30 00:33:52.73862+00,2025-05-30 00:33:52.73862+00
7117,1135,8,1,"[""AO ProVantage Gel""]",2025-05-30 00:33:52.73862+00,2025-05-30 00:33:52.73862+00
7118,1135,8,2,"[""Synvaza""]",2025-05-30 00:33:52.73862+00,2025-05-30 00:33:52.73862+00
7119,1135,8,3,"[""Synvaza"",""AO ProVantage Gel""]",2025-05-30 00:33:52.73862+00,2025-05-30 00:33:52.73862+00
7120,1135,8,4,"[""Synvaza"",""AO ProVantage Gel""]",2025-05-30 00:33:52.73862+00,2025-05-30 00:33:52.73862+00
7121,1135,9,1,"[""Synvaza""]",2025-05-30 00:33:52.73862+00,2025-05-30 00:33:52.73862+00
7122,1135,9,2,"[""Synvaza""]",2025-05-30 00:33:52.73862+00,2025-05-30 00:33:52.73862+00
7123,1135,9,3,"[""Synvaza"",""AO ProVantage Gel""]",2025-05-30 00:33:52.73862+00,2025-05-30 00:33:52.73862+00
7124,1135,9,4,"[""Synvaza"",""AO ProVantage Gel""]",2025-05-30 00:33:52.73862+00,2025-05-30 00:33:52.73862+00
7125,1135,600,1,"[""Synvaza""]",2025-05-30 00:33:52.73862+00,2025-05-30 00:33:52.73862+00
7126,1135,600,2,"[""Synvaza""]",2025-05-30 00:33:52.73862+00,2025-05-30 00:33:52.73862+00
7127,1135,600,3,"[""Synvaza""]",2025-05-30 00:33:52.73862+00,2025-05-30 00:33:52.73862+00
7128,1135,600,4,"[""Synvaza"",""AO ProVantage Gel""]",2025-05-30 00:33:52.73862+00,2025-05-30 00:33:52.73862+00
7129,1135,597,1,"[""AO ProVantage Gel""]",2025-05-30 00:33:52.73862+00,2025-05-30 00:33:52.73862+00
7130,1135,597,2,"[""AO ProVantage Gel""]",2025-05-30 00:33:52.73862+00,2025-05-30 00:33:52.73862+00
7131,1135,597,3,"[""Synvaza""]",2025-05-30 00:33:52.73862+00,2025-05-30 00:33:52.73862+00
7132,1135,597,4,"[""Synvaza"",""AO ProVantage Gel""]",2025-05-30 00:33:52.73862+00,2025-05-30 00:33:52.73862+00
7133,1135,4,1,"[""AO ProVantage Gel""]",2025-05-30 00:33:52.73862+00,2025-05-30 00:33:52.73862+00
7134,1135,4,2,"[""AO ProVantage Gel""]",2025-05-30 00:33:52.73862+00,2025-05-30 00:33:52.73862+00
7135,1135,4,3,"[""AO ProVantage Gel""]",2025-05-30 00:33:52.73862+00,2025-05-30 00:33:52.73862+00
7136,1135,4,4,"[""AO ProVantage Gel""]",2025-05-30 00:33:52.73862+00,2025-05-30 00:33:52.73862+00
7137,1135,595,1,"[""Synvaza""]",2025-05-30 00:33:52.73862+00,2025-05-30 00:33:52.73862+00
7138,1135,595,2,"[""Synvaza""]",2025-05-30 00:33:52.73862+00,2025-05-30 00:33:52.73862+00
7139,1135,595,3,"[""Synvaza"",""AO ProVantage Gel""]",2025-05-30 00:33:52.73862+00,2025-05-30 00:33:52.73862+00
7140,1135,595,4,"[""Synvaza"",""AO ProVantage Gel""]",2025-05-30 00:33:52.73862+00,2025-05-30 00:33:52.73862+00
7141,1135,6,1,"[""AO ProToothpaste + AO ProRinse (patient choice)"",""AO ProVantage Gel""]",2025-05-30 00:33:52.73862+00,2025-05-30 00:33:52.73862+00
7142,1135,6,2,"[""AO ProToothpaste + AO ProRinse (patient choice)"",""AO ProVantage Gel""]",2025-05-30 00:33:52.73862+00,2025-05-30 00:33:52.73862+00
7143,1135,6,3,"[""AO ProToothpaste + AO ProRinse (patient choice)"",""AO ProVantage Gel"",""PerioProtect Tray (H2O2)""]",2025-05-30 00:33:52.73862+00,2025-05-30 00:33:52.73862+00
7144,1135,6,4,"[""AO ProToothpaste + AO ProRinse (patient choice)"",""AO ProVantage Gel"",""PerioProtect Tray (H2O2)""]",2025-05-30 00:33:52.73862+00,2025-05-30 00:33:52.73862+00
7145,1136,10,1,"[""AO ProRinse Hydrating""]",2025-05-30 00:33:52.73862+00,2025-05-30 00:33:52.73862+00
7146,1136,10,2,"[""Moisyn""]",2025-05-30 00:33:52.73862+00,2025-05-30 00:33:52.73862+00
7147,1136,10,3,"[""Moisyn""]",2025-05-30 00:33:52.73862+00,2025-05-30 00:33:52.73862+00
7148,1136,10,4,"[""Moisyn"",""AO ProVantage Gel""]",2025-05-30 00:33:52.73862+00,2025-05-30 00:33:52.73862+00
7149,1136,8,1,"[""AO ProVantage Gel""]",2025-05-30 00:33:52.73862+00,2025-05-30 00:33:52.73862+00
7150,1136,8,2,"[""Synvaza""]",2025-05-30 00:33:52.73862+00,2025-05-30 00:33:52.73862+00
7151,1136,8,3,"[""Synvaza"",""AO ProVantage Gel""]",2025-05-30 00:33:52.73862+00,2025-05-30 00:33:52.73862+00
7152,1136,8,4,"[""Synvaza"",""AO ProVantage Gel""]",2025-05-30 00:33:52.73862+00,2025-05-30 00:33:52.73862+00
7153,1136,9,1,"[""Synvaza""]",2025-05-30 00:33:52.73862+00,2025-05-30 00:33:52.73862+00
7154,1136,9,2,"[""Synvaza""]",2025-05-30 00:33:52.73862+00,2025-05-30 00:33:52.73862+00
7155,1136,9,3,"[""Synvaza"",""AO ProVantage Gel""]",2025-05-30 00:33:52.73862+00,2025-05-30 00:33:52.73862+00
7156,1136,9,4,"[""Synvaza"",""AO ProVantage Gel""]",2025-05-30 00:33:52.73862+00,2025-05-30 00:33:52.73862+00
7157,1136,600,1,"[""Synvaza""]",2025-05-30 00:33:52.73862+00,2025-05-30 00:33:52.73862+00
7158,1136,600,2,"[""Synvaza""]",2025-05-30 00:33:52.73862+00,2025-05-30 00:33:52.73862+00
7159,1136,600,3,"[""Synvaza""]",2025-05-30 00:33:52.73862+00,2025-05-30 00:33:52.73862+00
7160,1136,600,4,"[""Synvaza"",""AO ProVantage Gel""]",2025-05-30 00:33:52.73862+00,2025-05-30 00:33:52.73862+00
7161,1136,597,1,"[""AO ProVantage Gel""]",2025-05-30 00:33:52.73862+00,2025-05-30 00:33:52.73862+00
7162,1136,597,2,"[""AO ProVantage Gel""]",2025-05-30 00:33:52.73862+00,2025-05-30 00:33:52.73862+00
7163,1136,597,3,"[""Synvaza""]",2025-05-30 00:33:52.73862+00,2025-05-30 00:33:52.73862+00
7164,1136,597,4,"[""Synvaza"",""AO ProVantage Gel""]",2025-05-30 00:33:52.73862+00,2025-05-30 00:33:52.73862+00
7165,1136,4,1,"[""AO ProVantage Gel""]",2025-05-30 00:33:52.73862+00,2025-05-30 00:33:52.73862+00
7166,1136,4,2,"[""AO ProVantage Gel""]",2025-05-30 00:33:52.73862+00,2025-05-30 00:33:52.73862+00
7167,1136,4,3,"[""AO ProVantage Gel""]",2025-05-30 00:33:52.73862+00,2025-05-30 00:33:52.73862+00
7168,1136,4,4,"[""AO ProVantage Gel""]",2025-05-30 00:33:52.73862+00,2025-05-30 00:33:52.73862+00
7169,1136,595,1,"[""Synvaza""]",2025-05-30 00:33:52.73862+00,2025-05-30 00:33:52.73862+00
7170,1136,595,2,"[""Synvaza""]",2025-05-30 00:33:52.73862+00,2025-05-30 00:33:52.73862+00
7171,1136,595,3,"[""Synvaza"",""AO ProVantage Gel""]",2025-05-30 00:33:52.73862+00,2025-05-30 00:33:52.73862+00
7172,1136,595,4,"[""Synvaza"",""AO ProVantage Gel""]",2025-05-30 00:33:52.73862+00,2025-05-30 00:33:52.73862+00
7173,1136,6,1,"[""AO ProToothpaste + AO ProRinse (patient choice)"",""AO ProVantage Gel""]",2025-05-30 00:33:52.73862+00,2025-05-30 00:33:52.73862+00
7174,1136,6,2,"[""AO ProToothpaste + AO ProRinse (patient choice)"",""AO ProVantage Gel""]",2025-05-30 00:33:52.73862+00,2025-05-30 00:33:52.73862+00
7175,1136,6,3,"[""AO ProToothpaste + AO ProRinse (patient choice)"",""AO ProVantage Gel"",""PerioProtect Tray (H2O2)""]",2025-05-30 00:33:52.73862+00,2025-05-30 00:33:52.73862+00
7176,1136,6,4,"[""AO ProToothpaste + AO ProRinse (patient choice)"",""AO ProVantage Gel"",""PerioProtect Tray (H2O2)""]",2025-05-30 00:33:52.73862+00,2025-05-30 00:33:52.73862+00
7177,1,4,1,"[""Test""]",2025-05-30 00:33:52.73862+00,2025-05-30 00:33:52.73862+00
7178,1,4,2,[],2025-05-30 00:33:52.73862+00,2025-05-30 00:33:52.73862+00
7179,1,4,3,"[""AO ProVantage Gel""]",2025-05-30 00:33:52.73862+00,2025-05-30 00:33:52.73862+00
7180,1,4,4,"[""AO ProVantage Gel""]",2025-05-30 00:33:52.73862+00,2025-05-30 00:33:52.73862+00
7181,1,5,1,"[""Synvaza"",""AO ProVantage Gel""]",2025-05-30 00:33:52.73862+00,2025-05-30 00:33:52.73862+00
7182,1,5,2,"[""Synvaza"",""AO ProVantage Gel""]",2025-05-30 00:33:52.73862+00,2025-05-30 00:33:52.73862+00
7183,1,5,3,"[""Synvaza"",""AO ProVantage Gel""]",2025-05-30 00:33:52.73862+00,2025-05-30 00:33:52.73862+00
7184,1,5,4,"[""Synvaza"",""AO ProVantage Gel""]",2025-05-30 00:33:52.73862+00,2025-05-30 00:33:52.73862+00
7185,1,6,1,"[""AO ProVantage Gel""]",2025-05-30 00:33:52.73862+00,2025-05-30 00:33:52.73862+00
7186,1,6,2,"[""AO ProVantage Gel""]",2025-05-30 00:33:52.73862+00,2025-05-30 00:33:52.73862+00
7187,1,6,3,"[""AO ProVantage Gel""]",2025-05-30 00:33:52.73862+00,2025-05-30 00:33:52.73862+00
7188,1,6,4,"[""AO ProVantage Gel""]",2025-05-30 00:33:52.73862+00,2025-05-30 00:33:52.73862+00
7189,2,4,1,[],2025-05-30 00:33:52.73862+00,2025-05-30 00:33:52.73862+00
7190,2,4,2,[],2025-05-30 00:33:52.73862+00,2025-05-30 00:33:52.73862+00
7191,2,4,3,"[""AO ProVantage Gel""]",2025-05-30 00:33:52.73862+00,2025-05-30 00:33:52.73862+00
7192,2,4,4,"[""AO ProVantage Gel""]",2025-05-30 00:33:52.73862+00,2025-05-30 00:33:52.73862+00
7193,2,5,1,"[""Synvaza"",""AO ProVantage Gel""]",2025-05-30 00:33:52.73862+00,2025-05-30 00:33:52.73862+00
7194,2,5,2,"[""Synvaza"",""AO ProVantage Gel""]",2025-05-30 00:33:52.73862+00,2025-05-30 00:33:52.73862+00
7195,2,5,3,"[""Synvaza"",""AO ProVantage Gel""]",2025-05-30 00:33:52.73862+00,2025-05-30 00:33:52.73862+00
7196,2,5,4,"[""Synvaza"",""AO ProVantage Gel""]",2025-05-30 00:33:52.73862+00,2025-05-30 00:33:52.73862+00
7197,2,6,1,"[""AO ProVantage Gel""]",2025-05-30 00:33:52.73862+00,2025-05-30 00:33:52.73862+00
7198,2,6,2,"[""AO ProVantage Gel""]",2025-05-30 00:33:52.73862+00,2025-05-30 00:33:52.73862+00
7199,2,6,3,"[""AO ProVantage Gel""]",2025-05-30 00:33:52.73862+00,2025-05-30 00:33:52.73862+00
7200,2,6,4,"[""AO ProVantage Gel""]",2025-05-30 00:33:52.73862+00,2025-05-30 00:33:52.73862+00
7201,3,7,1,"[""Synvaza""]",2025-05-30 00:33:52.73862+00,2025-05-30 00:33:52.73862+00
7202,3,7,2,"[""Synvaza""]",2025-05-30 00:33:52.73862+00,2025-05-30 00:33:52.73862+00
7203,3,7,3,"[""Synvaza""]",2025-05-30 00:33:52.73862+00,2025-05-30 00:33:52.73862+00
7204,3,7,4,"[""Synvaza""]",2025-05-30 00:33:52.73862+00,2025-05-30 00:33:52.73862+00
7205,3,8,1,"[""Synvaza""]",2025-05-30 00:33:52.73862+00,2025-05-30 00:33:52.73862+00
7206,3,8,2,"[""Synvaza""]",2025-05-30 00:33:52.73862+00,2025-05-30 00:33:52.73862+00
7207,3,8,3,"[""Synvaza""]",2025-05-30 00:33:52.73862+00,2025-05-30 00:33:52.73862+00
7208,3,8,4,"[""Synvaza""]",2025-05-30 00:33:52.73862+00,2025-05-30 00:33:52.73862+00
7209,3,9,1,"[""Synvaza"",""AO ProVantage Gel""]",2025-05-30 00:33:52.73862+00,2025-05-30 00:33:52.73862+00
7210,3,9,2,"[""Synvaza"",""AO ProVantage Gel""]",2025-05-30 00:33:52.73862+00,2025-05-30 00:33:52.73862+00
7211,3,9,3,"[""Synvaza"",""AO ProVantage Gel""]",2025-05-30 00:33:52.73862+00,2025-05-30 00:33:52.73862+00
7212,3,9,4,"[""Synvaza"",""AO ProVantage Gel""]",2025-05-30 00:33:52.73862+00,2025-05-30 00:33:52.73862+00
7213,4,10,1,"[""AO ProRinse Hydrating""]",2025-05-30 00:33:52.73862+00,2025-05-30 00:33:52.73862+00
7214,4,10,2,"[""Moisyn""]",2025-05-30 00:33:52.73862+00,2025-05-30 00:33:52.73862+00
7215,4,10,3,"[""Moisyn""]",2025-05-30 00:33:52.73862+00,2025-05-30 00:33:52.73862+00
7216,4,10,4,"[""Moisyn"",""AO ProVantage Gel""]",2025-05-30 00:33:52.73862+00,2025-05-30 00:33:52.73862+00
7217,4,8,1,"[""Moisyn""]",2025-05-30 00:33:52.73862+00,2025-05-30 00:33:52.73862+00
7218,4,8,2,"[""Moisyn""]",2025-05-30 00:33:52.73862+00,2025-05-30 00:33:52.73862+00
7219,4,8,3,"[""Moisyn"",""AO ProVantage Gel""]",2025-05-30 00:33:52.73862+00,2025-05-30 00:33:52.73862+00
7220,4,8,4,"[""Moisyn"",""AO ProVantage Gel""]",2025-05-30 00:33:52.73862+00,2025-05-30 00:33:52.73862+00
7221,4,9,1,"[""Moisyn""]",2025-05-30 00:33:52.73862+00,2025-05-30 00:33:52.73862+00
7222,4,9,2,"[""Moisyn"",""AO ProVantage Gel""]",2025-05-30 00:33:52.73862+00,2025-05-30 00:33:52.73862+00
7223,4,9,3,"[""Moisyn"",""AO ProVantage Gel""]",2025-05-30 00:33:52.73862+00,2025-05-30 00:33:52.73862+00
7224,4,9,4,"[""Moisyn"",""AO ProVantage Gel""]",2025-05-30 00:33:52.73862+00,2025-05-30 00:33:52.73862+00
7225,12,5,1,"[""Synvaza""]",2025-05-30 00:33:52.73862+00,2025-05-30 00:33:52.73862+00
7226,12,5,2,"[""Synvaza""]",2025-05-30 00:33:52.73862+00,2025-05-30 00:33:52.73862+00
7227,12,5,3,"[""Synvaza""]",2025-05-30 00:33:52.73862+00,2025-05-30 00:33:52.73862+00
7228,12,5,4,"[""Synvaza""]",2025-05-30 00:33:52.73862+00,2025-05-30 00:33:52.73862+00
7229,12,6,1,"[""AO ProVantage Gel""]",2025-05-30 00:33:52.73862+00,2025-05-30 00:33:52.73862+00
7230,12,6,2,"[""AO ProVantage Gel""]",2025-05-30 00:33:52.73862+00,2025-05-30 00:33:52.73862+00
7231,12,6,3,"[""AO ProVantage Gel""]",2025-05-30 00:33:52.73862+00,2025-05-30 00:33:52.73862+00
7232,12,6,4,"[""AO ProVantage Gel""]",2025-05-30 00:33:52.73862+00,2025-05-30 00:33:52.73862+00
7233,13,5,1,"[""Synvaza""]",2025-05-30 00:33:52.73862+00,2025-05-30 00:33:52.73862+00
7234,13,5,2,"[""Synvaza""]",2025-05-30 00:33:52.73862+00,2025-05-30 00:33:52.73862+00
7235,13,5,3,"[""Synvaza""]",2025-05-30 00:33:52.73862+00,2025-05-30 00:33:52.73862+00
7236,13,5,4,"[""Synvaza""]",2025-05-30 00:33:52.73862+00,2025-05-30 00:33:52.73862+00
7237,13,6,1,"[""AO ProVantage Gel""]",2025-05-30 00:33:52.73862+00,2025-05-30 00:33:52.73862+00
7238,13,6,2,"[""AO ProVantage Gel""]",2025-05-30 00:33:52.73862+00,2025-05-30 00:33:52.73862+00
7239,13,6,3,"[""AO ProVantage Gel""]",2025-05-30 00:33:52.73862+00,2025-05-30 00:33:52.73862+00
7240,13,6,4,"[""AO ProVantage Gel""]",2025-05-30 00:33:52.73862+00,2025-05-30 00:33:52.73862+00
7241,14,6,1,"[""AO ProVantage Gel"",""PerioProtect Tray (H2O2)""]",2025-05-30 00:33:52.73862+00,2025-05-30 00:33:52.73862+00
7242,14,6,2,"[""AO ProVantage Gel"",""PerioProtect Tray (H2O2)""]",2025-05-30 00:33:52.73862+00,2025-05-30 00:33:52.73862+00
7243,14,6,3,"[""AO ProVantage Gel"",""PerioProtect Tray (H2O2)""]",2025-05-30 00:33:52.73862+00,2025-05-30 00:33:52.73862+00
7244,14,6,4,"[""AO ProVantage Gel"",""PerioProtect Tray (H2O2)""]",2025-05-30 00:33:52.73862+00,2025-05-30 00:33:52.73862+00
7245,15,8,1,"[""Moisyn""]",2025-05-30 00:33:52.73862+00,2025-05-30 00:33:52.73862+00
7246,15,8,2,"[""Moisyn""]",2025-05-30 00:33:52.73862+00,2025-05-30 00:33:52.73862+00
7247,15,8,3,"[""Moisyn""]",2025-05-30 00:33:52.73862+00,2025-05-30 00:33:52.73862+00
7248,15,8,4,"[""Moisyn""]",2025-05-30 00:33:52.73862+00,2025-05-30 00:33:52.73862+00
7249,15,9,1,"[""Moisyn"",""AO ProVantage Gel""]",2025-05-30 00:33:52.73862+00,2025-05-30 00:33:52.73862+00
7250,15,9,2,"[""Moisyn"",""AO ProVantage Gel""]",2025-05-30 00:33:52.73862+00,2025-05-30 00:33:52.73862+00
7251,15,9,3,"[""Moisyn"",""AO ProVantage Gel""]",2025-05-30 00:33:52.73862+00,2025-05-30 00:33:52.73862+00
7252,15,9,4,"[""Moisyn"",""AO ProVantage Gel""]",2025-05-30 00:33:52.73862+00,2025-05-30 00:33:52.73862+00
7253,15,7,1,"[""AO ProRinse Hydrating""]",2025-05-30 00:33:52.73862+00,2025-05-30 00:33:52.73862+00
7254,15,7,2,"[""AO ProRinse Hydrating""]",2025-05-30 00:33:52.73862+00,2025-05-30 00:33:52.73862+00
7255,15,7,3,"[""AO ProRinse Hydrating""]",2025-05-30 00:33:52.73862+00,2025-05-30 00:33:52.73862+00
7256,15,7,4,"[""AO ProRinse Hydrating""]",2025-05-30 00:33:52.73862+00,2025-05-30 00:33:52.73862+00
7257,15,10,1,"[""Moisyn""]",2025-05-30 00:33:52.73862+00,2025-05-30 00:33:52.73862+00
7258,15,10,2,"[""Moisyn""]",2025-05-30 00:33:52.73862+00,2025-05-30 00:33:52.73862+00
7259,15,10,3,"[""Moisyn""]",2025-05-30 00:33:52.73862+00,2025-05-30 00:33:52.73862+00
7260,15,10,4,"[""Moisyn""]",2025-05-30 00:33:52.73862+00,2025-05-30 00:33:52.73862+00
7261,16,6,1,"[""AO ProVantage Gel"",""Synvaza""]",2025-05-30 00:33:52.73862+00,2025-05-30 00:33:52.73862+00
7262,16,6,2,"[""AO ProVantage Gel"",""Synvaza""]",2025-05-30 00:33:52.73862+00,2025-05-30 00:33:52.73862+00
7263,16,6,3,"[""AO ProVantage Gel"",""Synvaza""]",2025-05-30 00:33:52.73862+00,2025-05-30 00:33:52.73862+00
7264,16,6,4,"[""AO ProVantage Gel"",""Synvaza""]",2025-05-30 00:33:52.73862+00,2025-05-30 00:33:52.73862+00
7265,17,11,1,"[""AO ProToothpaste + AO ProRinse (patient choice)""]",2025-05-30 00:33:52.73862+00,2025-05-30 00:33:52.73862+00
7266,17,11,2,"[""AO ProToothpaste + AO ProRinse (patient choice)""]",2025-05-30 00:33:52.73862+00,2025-05-30 00:33:52.73862+00
7267,17,11,3,"[""AO ProToothpaste + AO ProRinse (patient choice)""]",2025-05-30 00:33:52.73862+00,2025-05-30 00:33:52.73862+00
7268,17,11,4,"[""AO ProToothpaste + AO ProRinse (patient choice)""]",2025-05-30 00:33:52.73862+00,2025-05-30 00:33:52.73862+00
7269,5,5,1,"[""Synvaza"",""AO ProVantage Gel""]",2025-05-30 00:33:52.73862+00,2025-05-30 00:33:52.73862+00
7270,5,5,2,"[""Synvaza"",""AO ProVantage Gel""]",2025-05-30 00:33:52.73862+00,2025-05-30 00:33:52.73862+00
7271,5,5,3,"[""Synvaza"",""AO ProVantage Gel""]",2025-05-30 00:33:52.73862+00,2025-05-30 00:33:52.73862+00
7272,5,5,4,"[""Synvaza"",""AO ProVantage Gel""]",2025-05-30 00:33:52.73862+00,2025-05-30 00:33:52.73862+00
7273,5,6,1,"[""AO ProVantage Gel""]",2025-05-30 00:33:52.73862+00,2025-05-30 00:33:52.73862+00
7274,5,6,2,"[""AO ProVantage Gel""]",2025-05-30 00:33:52.73862+00,2025-05-30 00:33:52.73862+00
7275,5,6,3,"[""AO ProVantage Gel""]",2025-05-30 00:33:52.73862+00,2025-05-30 00:33:52.73862+00
7276,5,6,4,"[""AO ProVantage Gel""]",2025-05-30 00:33:52.73862+00,2025-05-30 00:33:52.73862+00
7277,6,5,1,"[""Synvaza""]",2025-05-30 00:33:52.73862+00,2025-05-30 00:33:52.73862+00
7278,6,5,2,"[""Synvaza""]",2025-05-30 00:33:52.73862+00,2025-05-30 00:33:52.73862+00
7279,6,5,3,"[""Synvaza""]",2025-05-30 00:33:52.73862+00,2025-05-30 00:33:52.73862+00
7280,6,5,4,"[""Synvaza""]",2025-05-30 00:33:52.73862+00,2025-05-30 00:33:52.73862+00
7281,6,6,1,"[""AO ProVantage Gel""]",2025-05-30 00:33:52.73862+00,2025-05-30 00:33:52.73862+00
7282,6,6,2,"[""AO ProVantage Gel""]",2025-05-30 00:33:52.73862+00,2025-05-30 00:33:52.73862+00
7283,6,6,3,"[""AO ProVantage Gel""]",2025-05-30 00:33:52.73862+00,2025-05-30 00:33:52.73862+00
7284,6,6,4,"[""AO ProVantage Gel""]",2025-05-30 00:33:52.73862+00,2025-05-30 00:33:52.73862+00
7285,7,7,1,"[""AO ProVantage Gel""]",2025-05-30 00:33:52.73862+00,2025-05-30 00:33:52.73862+00
7286,7,7,2,"[""AO ProVantage Gel""]",2025-05-30 00:33:52.73862+00,2025-05-30 00:33:52.73862+00
7287,7,7,3,"[""AO ProVantage Gel""]",2025-05-30 00:33:52.73862+00,2025-05-30 00:33:52.73862+00
7288,7,7,4,"[""AO ProVantage Gel""]",2025-05-30 00:33:52.73862+00,2025-05-30 00:33:52.73862+00
7289,7,8,1,"[""AO ProVantage Gel""]",2025-05-30 00:33:52.73862+00,2025-05-30 00:33:52.73862+00
7290,7,8,2,"[""AO ProVantage Gel""]",2025-05-30 00:33:52.73862+00,2025-05-30 00:33:52.73862+00
7291,7,8,3,"[""AO ProVantage Gel""]",2025-05-30 00:33:52.73862+00,2025-05-30 00:33:52.73862+00
7292,7,8,4,"[""AO ProVantage Gel""]",2025-05-30 00:33:52.73862+00,2025-05-30 00:33:52.73862+00
7293,7,9,1,"[""AO ProVantage Gel""]",2025-05-30 00:33:52.73862+00,2025-05-30 00:33:52.73862+00
7294,7,9,2,"[""AO ProVantage Gel""]",2025-05-30 00:33:52.73862+00,2025-05-30 00:33:52.73862+00
7295,7,9,3,"[""AO ProVantage Gel""]",2025-05-30 00:33:52.73862+00,2025-05-30 00:33:52.73862+00
7296,7,9,4,"[""AO ProVantage Gel""]",2025-05-30 00:33:52.73862+00,2025-05-30 00:33:52.73862+00
7297,8,7,1,"[""AO ProVantage Gel""]",2025-05-30 00:33:52.73862+00,2025-05-30 00:33:52.73862+00
7298,8,7,2,"[""AO ProVantage Gel""]",2025-05-30 00:33:52.73862+00,2025-05-30 00:33:52.73862+00
7299,8,7,3,"[""AO ProVantage Gel""]",2025-05-30 00:33:52.73862+00,2025-05-30 00:33:52.73862+00
7300,8,7,4,"[""AO ProVantage Gel""]",2025-05-30 00:33:52.73862+00,2025-05-30 00:33:52.73862+00
7301,8,8,1,"[""AO ProVantage Gel""]",2025-05-30 00:33:52.73862+00,2025-05-30 00:33:52.73862+00
7302,8,8,2,"[""AO ProVantage Gel""]",2025-05-30 00:33:52.73862+00,2025-05-30 00:33:52.73862+00
7303,8,8,3,"[""AO ProVantage Gel""]",2025-05-30 00:33:52.73862+00,2025-05-30 00:33:52.73862+00
7304,8,8,4,"[""AO ProVantage Gel""]",2025-05-30 00:33:52.73862+00,2025-05-30 00:33:52.73862+00
7305,8,9,1,"[""AO ProVantage Gel""]",2025-05-30 00:33:52.73862+00,2025-05-30 00:33:52.73862+00
7306,8,9,2,"[""AO ProVantage Gel""]",2025-05-30 00:33:52.73862+00,2025-05-30 00:33:52.73862+00
7307,8,9,3,"[""AO ProVantage Gel""]",2025-05-30 00:33:52.73862+00,2025-05-30 00:33:52.73862+00
7308,8,9,4,"[""AO ProVantage Gel""]",2025-05-30 00:33:52.73862+00,2025-05-30 00:33:52.73862+00
7309,9,7,1,"[""AO ProVantage Gel""]",2025-05-30 00:33:52.73862+00,2025-05-30 00:33:52.73862+00
7310,9,7,2,"[""AO ProVantage Gel""]",2025-05-30 00:33:52.73862+00,2025-05-30 00:33:52.73862+00
7311,9,7,3,"[""AO ProVantage Gel""]",2025-05-30 00:33:52.73862+00,2025-05-30 00:33:52.73862+00
7312,9,7,4,"[""AO ProVantage Gel""]",2025-05-30 00:33:52.73862+00,2025-05-30 00:33:52.73862+00
7313,9,8,1,"[""AO ProVantage Gel""]",2025-05-30 00:33:52.73862+00,2025-05-30 00:33:52.73862+00
7314,9,8,2,"[""AO ProVantage Gel""]",2025-05-30 00:33:52.73862+00,2025-05-30 00:33:52.73862+00
7315,9,8,3,"[""AO ProVantage Gel""]",2025-05-30 00:33:52.73862+00,2025-05-30 00:33:52.73862+00
7316,9,8,4,"[""AO ProVantage Gel""]",2025-05-30 00:33:52.73862+00,2025-05-30 00:33:52.73862+00
7317,9,9,1,"[""AO ProVantage Gel""]",2025-05-30 00:33:52.73862+00,2025-05-30 00:33:52.73862+00
7318,9,9,2,"[""AO ProVantage Gel""]",2025-05-30 00:33:52.73862+00,2025-05-30 00:33:52.73862+00
7319,9,9,3,"[""AO ProVantage Gel""]",2025-05-30 00:33:52.73862+00,2025-05-30 00:33:52.73862+00
7320,9,9,4,"[""AO ProVantage Gel""]",2025-05-30 00:33:52.73862+00,2025-05-30 00:33:52.73862+00
7321,10,4,1,"[""AO ProVantage Gel""]",2025-05-30 00:33:52.73862+00,2025-05-30 00:33:52.73862+00
7322,10,4,2,"[""AO ProVantage Gel""]",2025-05-30 00:33:52.73862+00,2025-05-30 00:33:52.73862+00
7323,10,4,3,"[""AO ProVantage Gel""]",2025-05-30 00:33:52.73862+00,2025-05-30 00:33:52.73862+00
7324,10,4,4,"[""AO ProVantage Gel""]",2025-05-30 00:33:52.73862+00,2025-05-30 00:33:52.73862+00
7325,10,5,1,"[""Synvaza"",""AO ProVantage Gel""]",2025-05-30 00:33:52.73862+00,2025-05-30 00:33:52.73862+00
7326,10,5,2,"[""Synvaza"",""AO ProVantage Gel""]",2025-05-30 00:33:52.73862+00,2025-05-30 00:33:52.73862+00
7327,10,5,3,"[""Synvaza"",""AO ProVantage Gel""]",2025-05-30 00:33:52.73862+00,2025-05-30 00:33:52.73862+00
7328,10,5,4,"[""Synvaza"",""AO ProVantage Gel""]",2025-05-30 00:33:52.73862+00,2025-05-30 00:33:52.73862+00
7329,10,6,1,"[""AO ProVantage Gel""]",2025-05-30 00:33:52.73862+00,2025-05-30 00:33:52.73862+00
7330,10,6,2,"[""AO ProVantage Gel""]",2025-05-30 00:33:52.73862+00,2025-05-30 00:33:52.73862+00
7331,10,6,3,"[""AO ProVantage Gel""]",2025-05-30 00:33:52.73862+00,2025-05-30 00:33:52.73862+00
7332,10,6,4,"[""AO ProVantage Gel""]",2025-05-30 00:33:52.73862+00,2025-05-30 00:33:52.73862+00
7333,11,4,1,"[""AO ProVantage Gel""]",2025-05-30 00:33:52.73862+00,2025-05-30 00:33:52.73862+00
7334,11,4,2,"[""AO ProVantage Gel""]",2025-05-30 00:33:52.73862+00,2025-05-30 00:33:52.73862+00
7335,11,4,3,"[""AO ProVantage Gel""]",2025-05-30 00:33:52.73862+00,2025-05-30 00:33:52.73862+00
7336,11,4,4,"[""AO ProVantage Gel""]",2025-05-30 00:33:52.73862+00,2025-05-30 00:33:52.73862+00
7337,11,5,1,"[""Synvaza""]",2025-05-30 00:33:52.73862+00,2025-05-30 00:33:52.73862+00
7338,11,5,2,"[""Synvaza""]",2025-05-30 00:33:52.73862+00,2025-05-30 00:33:52.73862+00
7339,11,5,3,"[""Synvaza""]",2025-05-30 00:33:52.73862+00,2025-05-30 00:33:52.73862+00
7340,11,5,4,"[""Synvaza""]",2025-05-30 00:33:52.73862+00,2025-05-30 00:33:52.73862+00
7341,11,6,1,"[""AO ProVantage Gel""]",2025-05-30 00:33:52.73862+00,2025-05-30 00:33:52.73862+00
7342,11,6,2,"[""AO ProVantage Gel""]",2025-05-30 00:33:52.73862+00,2025-05-30 00:33:52.73862+00
7343,11,6,3,"[""AO ProVantage Gel""]",2025-05-30 00:33:52.73862+00,2025-05-30 00:33:52.73862+00
7344,11,6,4,"[""AO ProVantage Gel""]",2025-05-30 00:33:52.73862+00,2025-05-30 00:33:52.73862+00
7357,1126,10,1,"[""AO ProRinse Hydrating""]",2025-05-30 00:33:52.73862+00,2025-05-30 00:33:52.73862+00
7358,1126,10,2,"[""Moisyn""]",2025-05-30 00:33:52.73862+00,2025-05-30 00:33:52.73862+00
7359,1126,10,3,"[""Moisyn""]",2025-05-30 00:33:52.73862+00,2025-05-30 00:33:52.73862+00
7360,1126,10,4,"[""Moisyn"",""AO ProVantage Gel""]",2025-05-30 00:33:52.73862+00,2025-05-30 00:33:52.73862+00
7361,1126,8,1,"[""AO ProVantage Gel""]",2025-05-30 00:33:52.73862+00,2025-05-30 00:33:52.73862+00
7362,1126,8,2,"[""Synvaza""]",2025-05-30 00:33:52.73862+00,2025-05-30 00:33:52.73862+00
7363,1126,8,3,"[""Synvaza"",""AO ProVantage Gel""]",2025-05-30 00:33:52.73862+00,2025-05-30 00:33:52.73862+00
7364,1126,8,4,"[""Synvaza"",""AO ProVantage Gel""]",2025-05-30 00:33:52.73862+00,2025-05-30 00:33:52.73862+00
7365,1126,9,1,"[""Synvaza""]",2025-05-30 00:33:52.73862+00,2025-05-30 00:33:52.73862+00
7366,1126,9,2,"[""Synvaza""]",2025-05-30 00:33:52.73862+00,2025-05-30 00:33:52.73862+00
7367,1126,9,3,"[""Synvaza"",""AO ProVantage Gel""]",2025-05-30 00:33:52.73862+00,2025-05-30 00:33:52.73862+00
7368,1126,9,4,"[""Synvaza"",""AO ProVantage Gel""]",2025-05-30 00:33:52.73862+00,2025-05-30 00:33:52.73862+00
7369,1126,600,1,"[""Synvaza""]",2025-05-30 00:33:52.73862+00,2025-05-30 00:33:52.73862+00
7370,1126,600,2,"[""Synvaza""]",2025-05-30 00:33:52.73862+00,2025-05-30 00:33:52.73862+00
7371,1126,600,3,"[""Synvaza""]",2025-05-30 00:33:52.73862+00,2025-05-30 00:33:52.73862+00
7372,1126,600,4,"[""Synvaza"",""AO ProVantage Gel""]",2025-05-30 00:33:52.73862+00,2025-05-30 00:33:52.73862+00
7373,1126,597,1,"[""AO ProVantage Gel""]",2025-05-30 00:33:52.73862+00,2025-05-30 00:33:52.73862+00
7374,1126,597,2,"[""AO ProVantage Gel""]",2025-05-30 00:33:52.73862+00,2025-05-30 00:33:52.73862+00
7375,1126,597,3,"[""Synvaza""]",2025-05-30 00:33:52.73862+00,2025-05-30 00:33:52.73862+00
7376,1126,597,4,"[""Synvaza"",""AO ProVantage Gel""]",2025-05-30 00:33:52.73862+00,2025-05-30 00:33:52.73862+00
7377,1126,4,1,"[""AO ProVantage Gel""]",2025-05-30 00:33:52.73862+00,2025-05-30 00:33:52.73862+00
7378,1126,4,2,"[""AO ProVantage Gel""]",2025-05-30 00:33:52.73862+00,2025-05-30 00:33:52.73862+00
7379,1126,4,3,"[""AO ProVantage Gel""]",2025-05-30 00:33:52.73862+00,2025-05-30 00:33:52.73862+00
7380,1126,4,4,"[""AO ProVantage Gel""]",2025-05-30 00:33:52.73862+00,2025-05-30 00:33:52.73862+00
7381,1126,595,1,"[""Synvaza""]",2025-05-30 00:33:52.73862+00,2025-05-30 00:33:52.73862+00
7382,1126,595,2,"[""Synvaza""]",2025-05-30 00:33:52.73862+00,2025-05-30 00:33:52.73862+00
7383,1126,595,3,"[""Synvaza"",""AO ProVantage Gel""]",2025-05-30 00:33:52.73862+00,2025-05-30 00:33:52.73862+00
7384,1126,595,4,"[""Synvaza"",""AO ProVantage Gel""]",2025-05-30 00:33:52.73862+00,2025-05-30 00:33:52.73862+00
7385,1126,6,1,"[""AO ProToothpaste + AO ProRinse (patient choice)"",""AO ProVantage Gel""]",2025-05-30 00:33:52.73862+00,2025-05-30 00:33:52.73862+00
7386,1126,6,2,"[""AO ProToothpaste + AO ProRinse (patient choice)"",""AO ProVantage Gel""]",2025-05-30 00:33:52.73862+00,2025-05-30 00:33:52.73862+00
7387,1126,6,3,"[""AO ProToothpaste + AO ProRinse (patient choice)"",""AO ProVantage Gel"",""PerioProtect Tray (H2O2)""]",2025-05-30 00:33:52.73862+00,2025-05-30 00:33:52.73862+00
7388,1126,6,4,"[""AO ProToothpaste + AO ProRinse (patient choice)"",""AO ProVantage Gel"",""PerioProtect Tray (H2O2)""]",2025-05-30 00:33:52.73862+00,2025-05-30 00:33:52.73862+00
7389,1129,10,1,"[""AO ProRinse Hydrating""]",2025-05-30 00:33:52.73862+00,2025-05-30 00:33:52.73862+00
7390,1129,10,2,"[""Moisyn""]",2025-05-30 00:33:52.73862+00,2025-05-30 00:33:52.73862+00
7391,1129,10,3,"[""Moisyn""]",2025-05-30 00:33:52.73862+00,2025-05-30 00:33:52.73862+00
7392,1129,10,4,"[""Moisyn"",""AO ProVantage Gel""]",2025-05-30 00:33:52.73862+00,2025-05-30 00:33:52.73862+00
7393,1129,8,1,"[""AO ProVantage Gel""]",2025-05-30 00:33:52.73862+00,2025-05-30 00:33:52.73862+00
7394,1129,8,2,"[""Synvaza""]",2025-05-30 00:33:52.73862+00,2025-05-30 00:33:52.73862+00
7395,1129,8,3,"[""Synvaza"",""AO ProVantage Gel""]",2025-05-30 00:33:52.73862+00,2025-05-30 00:33:52.73862+00
7396,1129,8,4,"[""Synvaza"",""AO ProVantage Gel""]",2025-05-30 00:33:52.73862+00,2025-05-30 00:33:52.73862+00
7397,1129,9,1,"[""Synvaza""]",2025-05-30 00:33:52.73862+00,2025-05-30 00:33:52.73862+00
7398,1129,9,2,"[""Synvaza""]",2025-05-30 00:33:52.73862+00,2025-05-30 00:33:52.73862+00
7399,1129,9,3,"[""Synvaza"",""AO ProVantage Gel""]",2025-05-30 00:33:52.73862+00,2025-05-30 00:33:52.73862+00
7400,1129,9,4,"[""Synvaza"",""AO ProVantage Gel""]",2025-05-30 00:33:52.73862+00,2025-05-30 00:33:52.73862+00
7401,1129,600,1,"[""Synvaza""]",2025-05-30 00:33:52.73862+00,2025-05-30 00:33:52.73862+00
7402,1129,600,2,"[""Synvaza""]",2025-05-30 00:33:52.73862+00,2025-05-30 00:33:52.73862+00
7403,1129,600,3,"[""Synvaza""]",2025-05-30 00:33:52.73862+00,2025-05-30 00:33:52.73862+00
7404,1129,600,4,"[""Synvaza"",""AO ProVantage Gel""]",2025-05-30 00:33:52.73862+00,2025-05-30 00:33:52.73862+00
7405,1129,597,1,"[""AO ProVantage Gel""]",2025-05-30 00:33:52.73862+00,2025-05-30 00:33:52.73862+00
7406,1129,597,2,"[""AO ProVantage Gel""]",2025-05-30 00:33:52.73862+00,2025-05-30 00:33:52.73862+00
7407,1129,597,3,"[""Synvaza""]",2025-05-30 00:33:52.73862+00,2025-05-30 00:33:52.73862+00
7408,1129,597,4,"[""Synvaza"",""AO ProVantage Gel""]",2025-05-30 00:33:52.73862+00,2025-05-30 00:33:52.73862+00
7409,1129,4,1,"[""AO ProVantage Gel""]",2025-05-30 00:33:52.73862+00,2025-05-30 00:33:52.73862+00
7410,1129,4,2,"[""AO ProVantage Gel""]",2025-05-30 00:33:52.73862+00,2025-05-30 00:33:52.73862+00
7411,1129,4,3,"[""AO ProVantage Gel""]",2025-05-30 00:33:52.73862+00,2025-05-30 00:33:52.73862+00
7412,1129,4,4,"[""AO ProVantage Gel""]",2025-05-30 00:33:52.73862+00,2025-05-30 00:33:52.73862+00
7413,1129,595,1,"[""Synvaza""]",2025-05-30 00:33:52.73862+00,2025-05-30 00:33:52.73862+00
7414,1129,595,2,"[""Synvaza""]",2025-05-30 00:33:52.73862+00,2025-05-30 00:33:52.73862+00
7415,1129,595,3,"[""Synvaza"",""AO ProVantage Gel""]",2025-05-30 00:33:52.73862+00,2025-05-30 00:33:52.73862+00
7416,1129,595,4,"[""Synvaza"",""AO ProVantage Gel""]",2025-05-30 00:33:52.73862+00,2025-05-30 00:33:52.73862+00
7417,1129,6,1,"[""AO ProToothpaste + AO ProRinse (patient choice)"",""AO ProVantage Gel""]",2025-05-30 00:33:52.73862+00,2025-05-30 00:33:52.73862+00
7418,1129,6,2,"[""AO ProToothpaste + AO ProRinse (patient choice)"",""AO ProVantage Gel""]",2025-05-30 00:33:52.73862+00,2025-05-30 00:33:52.73862+00
7419,1129,6,3,"[""AO ProToothpaste + AO ProRinse (patient choice)"",""AO ProVantage Gel"",""PerioProtect Tray (H2O2)""]",2025-05-30 00:33:52.73862+00,2025-05-30 00:33:52.73862+00
7420,1129,6,4,"[""AO ProToothpaste + AO ProRinse (patient choice)"",""AO ProVantage Gel"",""PerioProtect Tray (H2O2)""]",2025-05-30 00:33:52.73862+00,2025-05-30 00:33:52.73862+00
7421,1130,10,1,"[""AO ProRinse Hydrating""]",2025-05-30 00:33:52.73862+00,2025-05-30 00:33:52.73862+00
7422,1130,10,2,"[""Moisyn""]",2025-05-30 00:33:52.73862+00,2025-05-30 00:33:52.73862+00
7423,1130,10,3,"[""Moisyn""]",2025-05-30 00:33:52.73862+00,2025-05-30 00:33:52.73862+00
7424,1130,10,4,"[""Moisyn"",""AO ProVantage Gel""]",2025-05-30 00:33:52.73862+00,2025-05-30 00:33:52.73862+00
7425,1130,8,1,"[""AO ProVantage Gel""]",2025-05-30 00:33:52.73862+00,2025-05-30 00:33:52.73862+00
7426,1130,8,2,"[""Synvaza""]",2025-05-30 00:33:52.73862+00,2025-05-30 00:33:52.73862+00
7427,1130,8,3,"[""Synvaza"",""AO ProVantage Gel""]",2025-05-30 00:33:52.73862+00,2025-05-30 00:33:52.73862+00
7428,1130,8,4,"[""Synvaza"",""AO ProVantage Gel""]",2025-05-30 00:33:52.73862+00,2025-05-30 00:33:52.73862+00
7429,1130,9,1,"[""Synvaza""]",2025-05-30 00:33:52.73862+00,2025-05-30 00:33:52.73862+00
7430,1130,9,2,"[""Synvaza""]",2025-05-30 00:33:52.73862+00,2025-05-30 00:33:52.73862+00
7431,1130,9,3,"[""Synvaza"",""AO ProVantage Gel""]",2025-05-30 00:33:52.73862+00,2025-05-30 00:33:52.73862+00
7432,1130,9,4,"[""Synvaza"",""AO ProVantage Gel""]",2025-05-30 00:33:52.73862+00,2025-05-30 00:33:52.73862+00
7433,1130,600,1,"[""Synvaza""]",2025-05-30 00:33:52.73862+00,2025-05-30 00:33:52.73862+00
7434,1130,600,2,"[""Synvaza""]",2025-05-30 00:33:52.73862+00,2025-05-30 00:33:52.73862+00
7435,1130,600,3,"[""Synvaza""]",2025-05-30 00:33:52.73862+00,2025-05-30 00:33:52.73862+00
7436,1130,600,4,"[""Synvaza"",""AO ProVantage Gel""]",2025-05-30 00:33:52.73862+00,2025-05-30 00:33:52.73862+00
7437,1130,597,1,"[""AO ProVantage Gel""]",2025-05-30 00:33:52.73862+00,2025-05-30 00:33:52.73862+00
7438,1130,597,2,"[""AO ProVantage Gel""]",2025-05-30 00:33:52.73862+00,2025-05-30 00:33:52.73862+00
7439,1130,597,3,"[""Synvaza""]",2025-05-30 00:33:52.73862+00,2025-05-30 00:33:52.73862+00
7440,1130,597,4,"[""Synvaza"",""AO ProVantage Gel""]",2025-05-30 00:33:52.73862+00,2025-05-30 00:33:52.73862+00
7441,1130,4,1,"[""AO ProVantage Gel""]",2025-05-30 00:33:52.73862+00,2025-05-30 00:33:52.73862+00
7442,1130,4,2,"[""AO ProVantage Gel""]",2025-05-30 00:33:52.73862+00,2025-05-30 00:33:52.73862+00
7443,1130,4,3,"[""AO ProVantage Gel""]",2025-05-30 00:33:52.73862+00,2025-05-30 00:33:52.73862+00
7444,1130,4,4,"[""AO ProVantage Gel""]",2025-05-30 00:33:52.73862+00,2025-05-30 00:33:52.73862+00
7445,1130,595,1,"[""Synvaza""]",2025-05-30 00:33:52.73862+00,2025-05-30 00:33:52.73862+00
7446,1130,595,2,"[""Synvaza""]",2025-05-30 00:33:52.73862+00,2025-05-30 00:33:52.73862+00
7447,1130,595,3,"[""Synvaza"",""AO ProVantage Gel""]",2025-05-30 00:33:52.73862+00,2025-05-30 00:33:52.73862+00
7448,1130,595,4,"[""Synvaza"",""AO ProVantage Gel""]",2025-05-30 00:33:52.73862+00,2025-05-30 00:33:52.73862+00
7449,1130,6,1,"[""AO ProToothpaste + AO ProRinse (patient choice)"",""AO ProVantage Gel""]",2025-05-30 00:33:52.73862+00,2025-05-30 00:33:52.73862+00
7450,1130,6,2,"[""AO ProToothpaste + AO ProRinse (patient choice)"",""AO ProVantage Gel""]",2025-05-30 00:33:52.73862+00,2025-05-30 00:33:52.73862+00
7451,1130,6,3,"[""AO ProToothpaste + AO ProRinse (patient choice)"",""AO ProVantage Gel"",""PerioProtect Tray (H2O2)""]",2025-05-30 00:33:52.73862+00,2025-05-30 00:33:52.73862+00
7452,1130,6,4,"[""AO ProToothpaste + AO ProRinse (patient choice)"",""AO ProVantage Gel"",""PerioProtect Tray (H2O2)""]",2025-05-30 00:33:52.73862+00,2025-05-30 00:33:52.73862+00
7453,1131,10,1,"[""AO ProRinse Hydrating""]",2025-05-30 00:33:52.73862+00,2025-05-30 00:33:52.73862+00
7454,1131,10,2,"[""Moisyn""]",2025-05-30 00:33:52.73862+00,2025-05-30 00:33:52.73862+00
7455,1131,10,3,"[""Moisyn""]",2025-05-30 00:33:52.73862+00,2025-05-30 00:33:52.73862+00
7456,1131,10,4,"[""Moisyn"",""AO ProVantage Gel""]",2025-05-30 00:33:52.73862+00,2025-05-30 00:33:52.73862+00
7457,1131,8,1,"[""AO ProVantage Gel""]",2025-05-30 00:33:52.73862+00,2025-05-30 00:33:52.73862+00
7458,1131,8,2,"[""Synvaza""]",2025-05-30 00:33:52.73862+00,2025-05-30 00:33:52.73862+00
7459,1131,8,3,"[""Synvaza"",""AO ProVantage Gel""]",2025-05-30 00:33:52.73862+00,2025-05-30 00:33:52.73862+00
7460,1131,8,4,"[""Synvaza"",""AO ProVantage Gel""]",2025-05-30 00:33:52.73862+00,2025-05-30 00:33:52.73862+00
7461,1131,9,1,"[""Synvaza""]",2025-05-30 00:33:52.73862+00,2025-05-30 00:33:52.73862+00
7462,1131,9,2,"[""Synvaza""]",2025-05-30 00:33:52.73862+00,2025-05-30 00:33:52.73862+00
7463,1131,9,3,"[""Synvaza"",""AO ProVantage Gel""]",2025-05-30 00:33:52.73862+00,2025-05-30 00:33:52.73862+00
7464,1131,9,4,"[""Synvaza"",""AO ProVantage Gel""]",2025-05-30 00:33:52.73862+00,2025-05-30 00:33:52.73862+00
7465,1131,600,1,"[""Synvaza""]",2025-05-30 00:33:52.73862+00,2025-05-30 00:33:52.73862+00
7466,1131,600,2,"[""Synvaza""]",2025-05-30 00:33:52.73862+00,2025-05-30 00:33:52.73862+00
7467,1131,600,3,"[""Synvaza""]",2025-05-30 00:33:52.73862+00,2025-05-30 00:33:52.73862+00
7468,1131,600,4,"[""Synvaza"",""AO ProVantage Gel""]",2025-05-30 00:33:52.73862+00,2025-05-30 00:33:52.73862+00
7469,1131,597,1,"[""AO ProVantage Gel""]",2025-05-30 00:33:52.73862+00,2025-05-30 00:33:52.73862+00
7470,1131,597,2,"[""AO ProVantage Gel""]",2025-05-30 00:33:52.73862+00,2025-05-30 00:33:52.73862+00
7471,1131,597,3,"[""Synvaza""]",2025-05-30 00:33:52.73862+00,2025-05-30 00:33:52.73862+00
7472,1131,597,4,"[""Synvaza"",""AO ProVantage Gel""]",2025-05-30 00:33:52.73862+00,2025-05-30 00:33:52.73862+00
7473,1131,4,1,"[""AO ProVantage Gel""]",2025-05-30 00:33:52.73862+00,2025-05-30 00:33:52.73862+00
7474,1131,4,2,"[""AO ProVantage Gel""]",2025-05-30 00:33:52.73862+00,2025-05-30 00:33:52.73862+00
7475,1131,4,3,"[""AO ProVantage Gel""]",2025-05-30 00:33:52.73862+00,2025-05-30 00:33:52.73862+00
7476,1131,4,4,"[""AO ProVantage Gel""]",2025-05-30 00:33:52.73862+00,2025-05-30 00:33:52.73862+00
7477,1131,595,1,"[""Synvaza""]",2025-05-30 00:33:52.73862+00,2025-05-30 00:33:52.73862+00
7478,1131,595,2,"[""Synvaza""]",2025-05-30 00:33:52.73862+00,2025-05-30 00:33:52.73862+00
7479,1131,595,3,"[""Synvaza"",""AO ProVantage Gel""]",2025-05-30 00:33:52.73862+00,2025-05-30 00:33:52.73862+00
7480,1131,595,4,"[""Synvaza"",""AO ProVantage Gel""]",2025-05-30 00:33:52.73862+00,2025-05-30 00:33:52.73862+00
7481,1131,6,1,"[""AO ProToothpaste + AO ProRinse (patient choice)"",""AO ProVantage Gel""]",2025-05-30 00:33:52.73862+00,2025-05-30 00:33:52.73862+00
7482,1131,6,2,"[""AO ProToothpaste + AO ProRinse (patient choice)"",""AO ProVantage Gel""]",2025-05-30 00:33:52.73862+00,2025-05-30 00:33:52.73862+00
7483,1131,6,3,"[""AO ProToothpaste + AO ProRinse (patient choice)"",""AO ProVantage Gel"",""PerioProtect Tray (H2O2)""]",2025-05-30 00:33:52.73862+00,2025-05-30 00:33:52.73862+00
7484,1131,6,4,"[""AO ProToothpaste + AO ProRinse (patient choice)"",""AO ProVantage Gel"",""PerioProtect Tray (H2O2)""]",2025-05-30 00:33:52.73862+00,2025-05-30 00:33:52.73862+00